blast_file,break_type,locus_tag,subject_start,subject_end,break_position
GCA_963437285_1.blastn.txt,end,PA0041,805,556,556
GCA_000950725_1.blastn.txt,beg,PA0041,559,804,559
GCA_020406475_1.blastn.txt,end,PA0041,797,568,568
GCA_037001005_1.blastn.txt,end,PA0041,839,590,590
GCA_030540985_1.blastn.txt,beg,PA0041,643,883,643
GCA_004372205_1.blastn.txt,end,PA0041,940,691,691
GCA_963444105_1.blastn.txt,end,PA0041,969,720,720
GCA_963450005_1.blastn.txt,end,PA0041,969,720,720
GCA_031488955_2.blastn.txt,end,PA0041,970,721,721
GCA_031488955_2.blastn.txt,beg,PA0041,750,999,750
GCA_020406475_1.blastn.txt,beg,PA0041,797,568,797
GCA_020406475_1.blastn.txt,end,PA0041,1169,853,853
GCA_030540985_1.blastn.txt,end,PA0041,643,883,883
GCA_038594085_1.blastn.txt,end,PA0041,1388,964,964
GCA_963428675_1.blastn.txt,end,PA0041,1286,1037,1037
GCA_028937265_3.blastn.txt,beg,PA0041,1075,1324,1075
GCA_028937265_3.blastn.txt,beg,PA0041,1075,1324,1075
GCA_004350385_1.blastn.txt,beg,PA0041,1093,1308,1093
GCA_022341105_1.blastn.txt,beg,PA0041,1105,1400,1105
GCA_022341105_1.blastn.txt,end,PA0041,1354,1105,1105
GCA_015765385_1.blastn.txt,beg,PA0041,1146,1388,1146
GCA_015765385_1.blastn.txt,beg,PA0041,1146,1395,1146
GCA_004350385_1.blastn.txt,end,PA0041,1395,1146,1146
GCA_025235705_1.blastn.txt,beg,PA0041,1155,1403,1155
GCA_030540985_1.blastn.txt,end,PA0041,1404,1155,1155
GCA_036236935_1.blastn.txt,beg,PA0041,1159,1408,1159
GCA_020406475_1.blastn.txt,beg,PA0041,1169,853,1169
GCA_034810865_1.blastn.txt,end,PA0041,951,1200,1200
GCA_034810865_1.blastn.txt,beg,PA0041,1233,1482,1233
GCA_963444105_1.blastn.txt,beg,PA0041,1236,987,1236
GCA_963450005_1.blastn.txt,beg,PA0041,1236,987,1236
GCA_031824655_1.blastn.txt,end,PA0041,1485,1236,1236
GCA_021681715_1.blastn.txt,end,PA0041,1413,1237,1237
GCA_013115485_1.blastn.txt,end,PA0041,1495,1246,1246
GCA_015736465_1.blastn.txt,beg,PA0041,1262,1511,1262
GCA_019781145_1.blastn.txt,beg,PA0041,1262,1511,1262
GCA_016009715_1.blastn.txt,end,PA0041,1511,1262,1262
GCA_015765385_1.blastn.txt,end,PA0041,1023,1272,1272
GCA_022341105_1.blastn.txt,end,PA0041,1526,1277,1277
GCA_039570865_1.blastn.txt,end,PA0041,1527,1278,1278
GCA_013620125_1.blastn.txt,beg,PA0041,1291,1540,1291
GCA_003935835_1.blastn.txt,beg,PA0041,1312,1561,1312
GCA_019166725_1.blastn.txt,beg,PA0041,1312,1561,1312
GCA_019167725_1.blastn.txt,beg,PA0041,1312,1561,1312
GCA_025104815_1.blastn.txt,beg,PA0041,1312,1561,1312
GCA_025123755_1.blastn.txt,beg,PA0041,1312,1561,1312
GCA_031847695_1.blastn.txt,end,PA0041,1561,1312,1312
GCA_023909265_1.blastn.txt,beg,PA0041,1318,1567,1318
GCA_023933665_1.blastn.txt,beg,PA0041,1334,1583,1334
GCA_037001005_1.blastn.txt,end,PA0041,1583,1334,1334
GCA_013115485_1.blastn.txt,end,PA0041,1095,1344,1344
GCA_038594085_1.blastn.txt,beg,PA0041,1368,1617,1368
GCA_963444105_1.blastn.txt,beg,PA0041,1387,1636,1387
GCA_963450005_1.blastn.txt,end,PA0041,1636,1387,1387
GCA_963451295_1.blastn.txt,end,PA0041,1636,1387,1387
GCA_004350385_1.blastn.txt,beg,PA0041,1388,1142,1388
GCA_029605155_1.blastn.txt,beg,PA0041,1388,1139,1388
GCA_038594085_1.blastn.txt,beg,PA0041,1388,964,1388
GCA_963433735_1.blastn.txt,beg,PA0041,1388,1139,1388
GCA_003935835_1.blastn.txt,end,PA0041,1139,1388,1388
GCA_016009715_1.blastn.txt,end,PA0041,1139,1388,1388
GCA_019166725_1.blastn.txt,end,PA0041,1139,1388,1388
GCA_019167725_1.blastn.txt,end,PA0041,1139,1388,1388
GCA_025123755_1.blastn.txt,end,PA0041,1139,1388,1388
GCA_040064175_1.blastn.txt,end,PA0041,1139,1388,1388
GCA_963443145_1.blastn.txt,end,PA0041,1139,1388,1388
GCA_016338985_1.blastn.txt,beg,PA0041,1389,1638,1389
GCA_029605155_1.blastn.txt,beg,PA0041,1389,1638,1389
GCA_031824055_1.blastn.txt,beg,PA0041,1389,1638,1389
GCA_963433075_1.blastn.txt,beg,PA0041,1389,1638,1389
GCA_963433735_1.blastn.txt,beg,PA0041,1389,1638,1389
GCA_963437285_1.blastn.txt,beg,PA0041,1389,1638,1389
GCA_963443145_1.blastn.txt,beg,PA0041,1389,1638,1389
GCA_963449685_1.blastn.txt,beg,PA0041,1389,1638,1389
GCA_963452735_1.blastn.txt,beg,PA0041,1389,1638,1389
GCA_963454075_1.blastn.txt,beg,PA0041,1389,1637,1389
GCA_040064175_1.blastn.txt,end,PA0041,1638,1389,1389
GCA_021681715_1.blastn.txt,beg,PA0041,1398,1647,1398
GCA_022341105_1.blastn.txt,end,PA0041,1105,1400,1400
GCA_963429955_1.blastn.txt,end,PA0041,1653,1405,1405
GCA_963433775_1.blastn.txt,end,PA0041,1888,1639,1639
GCA_963428675_1.blastn.txt,beg,PA0041,1895,1646,1895
GCA_963428675_1.blastn.txt,beg,PA0041,1908,2157,1908
GCA_031824655_1.blastn.txt,beg,PA0041,2157,1908,2157
GCA_036315885_1.blastn.txt,beg,PA0041,2157,1908,2157
GCA_040064175_1.blastn.txt,beg,PA0041,2157,1908,2157
GCA_029605155_1.blastn.txt,end,PA0041,1908,2157,2157
GCA_963433075_1.blastn.txt,end,PA0041,1908,2157,2157
GCA_963452735_1.blastn.txt,end,PA0041,1908,2157,2157
GCA_036236935_1.blastn.txt,end,PA0041,2652,2158,2158
GCA_963454075_1.blastn.txt,end,PA0041,1910,2158,2158
GCA_963450005_1.blastn.txt,beg,PA0041,2165,1916,2165
GCA_963451295_1.blastn.txt,beg,PA0041,2165,1916,2165
GCA_963433735_1.blastn.txt,end,PA0041,1916,2165,2165
GCA_963443145_1.blastn.txt,end,PA0041,1916,2165,2165
GCA_963444105_1.blastn.txt,end,PA0041,1916,2165,2165
GCA_038594085_1.blastn.txt,end,PA0041,1929,2178,2178
GCA_031824055_1.blastn.txt,end,PA0041,1944,2192,2192
GCA_001449725_1.blastn.txt,beg,PA0041,2216,2690,2216
GCA_963449685_1.blastn.txt,end,PA0041,1971,2219,2219
GCA_023933665_1.blastn.txt,end,PA0041,1971,2220,2220
GCA_023909265_1.blastn.txt,end,PA0041,1979,2228,2228
GCA_036664635_1.blastn.txt,beg,PA0041,2230,1981,2230
GCA_026913035_1.blastn.txt,beg,PA0041,2234,1985,2234
GCA_003935835_1.blastn.txt,end,PA0041,1985,2234,2234
GCA_025123755_1.blastn.txt,end,PA0041,1985,2234,2234
GCA_025235705_1.blastn.txt,end,PA0041,1985,2234,2234
GCA_036236935_1.blastn.txt,end,PA0041,1985,2234,2234
GCA_019166725_1.blastn.txt,end,PA0041,1993,2242,2242
GCA_019167725_1.blastn.txt,end,PA0041,1993,2242,2242
GCA_013620125_1.blastn.txt,end,PA0041,2006,2255,2255
GCA_013115485_1.blastn.txt,beg,PA0041,2256,2007,2256
GCA_039570865_1.blastn.txt,beg,PA0041,2268,2019,2268
GCA_036599025_1.blastn.txt,end,PA0041,2642,2268,2268
GCA_000950725_1.blastn.txt,beg,PA0041,2269,2020,2269
GCA_025104815_1.blastn.txt,end,PA0041,2021,2270,2270
GCA_002189115_1.blastn.txt,end,PA0041,2029,2278,2278
GCA_018423545_1.blastn.txt,end,PA0041,2035,2284,2284
GCA_019781145_1.blastn.txt,end,PA0041,2035,2284,2284
GCA_035727575_1.blastn.txt,end,PA0041,2035,2284,2284
GCA_022341105_1.blastn.txt,beg,PA0041,2320,2071,2320
GCA_015736465_1.blastn.txt,end,PA0041,2071,2320,2320
GCA_016009715_1.blastn.txt,beg,PA0041,2333,2084,2333
GCA_963429955_1.blastn.txt,beg,PA0041,2336,2088,2336
GCA_030540985_1.blastn.txt,beg,PA0041,2344,2095,2344
GCA_020406475_1.blastn.txt,end,PA0041,2095,2344,2344
GCA_015765385_1.blastn.txt,end,PA0041,2121,2370,2370
GCA_036599025_1.blastn.txt,beg,PA0041,2378,2129,2378
GCA_026913035_1.blastn.txt,end,PA0041,2686,2437,2437
GCA_002189115_1.blastn.txt,beg,PA0041,2438,2687,2438
GCA_036599025_1.blastn.txt,beg,PA0041,2532,2781,2532
GCA_031824655_1.blastn.txt,end,PA0041,2874,2559,2559
GCA_031824655_1.blastn.txt,end,PA0041,2873,2560,2560
GCA_036236935_1.blastn.txt,beg,PA0041,2576,2951,2576
GCA_036236935_1.blastn.txt,beg,PA0041,2576,2973,2576
GCA_001449725_1.blastn.txt,end,PA0041,2390,2639,2639
GCA_036599025_1.blastn.txt,beg,PA0041,2642,2268,2642
GCA_028937265_3.blastn.txt,end,PA0041,2397,2646,2646
GCA_036236935_1.blastn.txt,beg,PA0041,2652,2158,2652
GCA_001449725_1.blastn.txt,end,PA0041,2216,2690,2690
GCA_963433075_1.blastn.txt,end,PA0041,2453,2702,2702
GCA_031849395_1.blastn.txt,beg,PA0041,2703,2454,2703
GCA_963437285_1.blastn.txt,beg,PA0041,2704,2953,2704
GCA_001453615_1.blastn.txt,beg,PA0041,2767,2518,2767
GCA_003974685_1.blastn.txt,beg,PA0041,2813,2564,2813
GCA_028937265_3.blastn.txt,end,PA0041,2565,2814,2814
GCA_031824655_1.blastn.txt,beg,PA0041,2873,2560,2873
GCA_031824655_1.blastn.txt,beg,PA0041,2874,2559,2874
GCA_021680435_1.blastn.txt,beg,PA0041,2875,3124,2875
GCA_034810865_1.blastn.txt,end,PA0041,3172,2923,2923
GCA_036236935_1.blastn.txt,end,PA0041,2576,2951,2951
GCA_036236935_1.blastn.txt,end,PA0041,2576,2973,2973
GCA_003974905_1.blastn.txt,beg,PA0041,2976,3225,2976
GCA_020406475_1.blastn.txt,end,PA0041,3235,2986,2986
GCA_002189115_1.blastn.txt,end,PA0041,2746,2995,2995
GCA_002189115_1.blastn.txt,end,PA0041,2746,2995,2995
GCA_023933665_1.blastn.txt,end,PA0041,2910,3159,3159
GCA_020406475_1.blastn.txt,end,PA0041,3485,3193,3193
GCA_963452735_1.blastn.txt,end,PA0041,2994,3243,3243
GCA_020406475_1.blastn.txt,beg,PA0041,3485,3193,3485
GCA_963452735_1.blastn.txt,beg,PA0041,4323,4074,4323
GCA_016009715_1.blastn.txt,beg,PA0041,4424,4175,4424
GCA_963444105_1.blastn.txt,beg,PA0041,4426,4177,4426
GCA_018423545_1.blastn.txt,beg,PA0041,4430,4679,4430
GCA_018423545_1.blastn.txt,beg,PA0041,4430,4801,4430
GCA_034810865_1.blastn.txt,end,PA0041,4225,4474,4474
GCA_034810865_1.blastn.txt,beg,PA0041,4497,4746,4497
GCA_002189115_1.blastn.txt,beg,PA0041,4553,4802,4553
GCA_002189115_1.blastn.txt,end,PA0041,4802,4553,4553
GCA_018423545_1.blastn.txt,beg,PA0041,4556,4307,4556
GCA_963428675_1.blastn.txt,beg,PA0041,4609,4858,4609
GCA_036664635_1.blastn.txt,beg,PA0041,4629,4878,4629
GCA_963437285_1.blastn.txt,end,PA0041,4380,4629,4629
GCA_020406475_1.blastn.txt,end,PA0041,5051,4729,4729
GCA_036236935_1.blastn.txt,end,PA0041,4512,4761,4761
GCA_018423545_1.blastn.txt,end,PA0041,4430,4801,4801
GCA_020406475_1.blastn.txt,end,PA0041,4556,4805,4805
GCA_018423545_1.blastn.txt,end,PA0041,5101,4847,4847
GCA_031824655_1.blastn.txt,beg,PA0041,4903,5231,4903
GCA_963433775_1.blastn.txt,beg,PA0041,4953,5202,4953
GCA_018423545_1.blastn.txt,beg,PA0041,5036,5383,5036
GCA_020406475_1.blastn.txt,beg,PA0041,5051,4729,5051
GCA_018423545_1.blastn.txt,beg,PA0041,5101,4847,5101
GCA_034810865_1.blastn.txt,end,PA0041,4869,5118,5118
GCA_028937265_3.blastn.txt,end,PA0041,5368,5119,5119
GCA_000950725_1.blastn.txt,beg,PA0041,5139,4890,5139
GCA_037001005_1.blastn.txt,beg,PA0041,5185,4936,5185
GCA_003974905_1.blastn.txt,end,PA0041,5435,5186,5186
GCA_016009715_1.blastn.txt,end,PA0041,4979,5228,5228
GCA_031849395_1.blastn.txt,end,PA0041,4981,5230,5230
GCA_031824655_1.blastn.txt,end,PA0041,4903,5231,5231
GCA_004372495_1.blastn.txt,beg,PA0041,5245,5494,5245
GCA_021680435_1.blastn.txt,end,PA0041,5000,5246,5246
GCA_963450005_1.blastn.txt,beg,PA0041,5248,5497,5248
GCA_040064175_1.blastn.txt,beg,PA0041,5251,5500,5251
GCA_000950725_1.blastn.txt,end,PA0041,5506,5257,5257
GCA_035727575_1.blastn.txt,end,PA0041,5621,5372,5372
GCA_035727575_1.blastn.txt,end,PA0041,5626,5372,5372
GCA_018423545_1.blastn.txt,end,PA0041,5036,5383,5383
GCA_001449725_1.blastn.txt,beg,PA0041,5450,5699,5450
GCA_029605155_1.blastn.txt,end,PA0041,5730,5499,5499
GCA_035727575_1.blastn.txt,end,PA0041,5755,5501,5501
GCA_031488955_2.blastn.txt,end,PA0041,5752,5503,5503
GCA_026913035_1.blastn.txt,end,PA0041,5768,5519,5519
GCA_026913035_1.blastn.txt,beg,PA0041,5595,5346,5595
GCA_004350385_1.blastn.txt,beg,PA0041,5603,5852,5603
GCA_004350385_1.blastn.txt,end,PA0041,5866,5617,5617
GCA_035727575_1.blastn.txt,beg,PA0041,5626,5372,5626
GCA_016009715_1.blastn.txt,beg,PA0041,5648,5897,5648
GCA_029605155_1.blastn.txt,beg,PA0041,5730,5499,5730
GCA_018423545_1.blastn.txt,beg,PA0041,5746,5882,5746
GCA_015765385_1.blastn.txt,beg,PA0041,5753,5882,5753
GCA_019781145_1.blastn.txt,beg,PA0041,5753,5882,5753
GCA_022341105_1.blastn.txt,end,PA0041,5882,5753,5753
GCA_035727575_1.blastn.txt,beg,PA0041,5755,5501,5755
GCA_963433735_1.blastn.txt,beg,PA0041,5775,5882,5775
GCA_963433075_1.blastn.txt,end,PA0041,5882,5775,5775
GCA_015736465_1.blastn.txt,beg,PA0041,5802,5553,5802
GCA_025123755_1.blastn.txt,beg,PA0041,5802,5553,5802
GCA_003935835_1.blastn.txt,beg,PA0041,5803,5882,5803
GCA_019166725_1.blastn.txt,beg,PA0041,5803,5882,5803
GCA_019167725_1.blastn.txt,beg,PA0041,5803,5882,5803
GCA_963451295_1.blastn.txt,beg,PA0041,5803,5882,5803
GCA_030540985_1.blastn.txt,end,PA0041,5882,5803,5803
GCA_031849395_1.blastn.txt,end,PA0041,6052,5803,5803
GCA_025104815_1.blastn.txt,end,PA0041,6055,5806,5806
GCA_038594085_1.blastn.txt,end,PA0041,6108,5859,5859
GCA_023909265_1.blastn.txt,beg,PA0041,5877,5628,5877
GCA_025235705_1.blastn.txt,beg,PA0041,5877,5629,5877
GCA_036236935_1.blastn.txt,beg,PA0041,5877,5629,5877
GCA_031824655_1.blastn.txt,end,PA0041,5629,5877,5877
GCA_031824655_1.blastn.txt,beg,PA0041,5878,6127,5878
GCA_003935835_1.blastn.txt,beg,PA0041,5879,5630,5879
GCA_015765385_1.blastn.txt,beg,PA0041,5879,5630,5879
GCA_023933665_1.blastn.txt,beg,PA0041,5879,5630,5879
GCA_031824055_1.blastn.txt,beg,PA0041,5879,5630,5879
GCA_037001005_1.blastn.txt,beg,PA0041,5879,5630,5879
GCA_038594085_1.blastn.txt,beg,PA0041,5879,5630,5879
GCA_019166725_1.blastn.txt,end,PA0041,5630,5879,5879
GCA_019167725_1.blastn.txt,end,PA0041,5630,5879,5879
GCA_030540985_1.blastn.txt,end,PA0041,5630,5879,5879
GCA_031849395_1.blastn.txt,end,PA0041,5630,5879,5879
GCA_036599025_1.blastn.txt,end,PA0041,5630,5879,5879
GCA_036664635_1.blastn.txt,end,PA0041,5630,5879,5879
GCA_040064175_1.blastn.txt,end,PA0041,5630,5879,5879
GCA_963449685_1.blastn.txt,end,PA0041,5630,5879,5879
GCA_963450005_1.blastn.txt,end,PA0041,5630,5879,5879
GCA_016337725_1.blastn.txt,beg,PA0041,5881,6129,5881
GCA_029605155_1.blastn.txt,beg,PA0041,5881,6129,5881
GCA_963443145_1.blastn.txt,beg,PA0041,5881,6129,5881
GCA_963444105_1.blastn.txt,beg,PA0041,5881,6129,5881
GCA_963449685_1.blastn.txt,beg,PA0041,5881,6129,5881
GCA_963450005_1.blastn.txt,beg,PA0041,5881,6129,5881
GCA_031824055_1.blastn.txt,end,PA0041,6129,5881,5881
GCA_040064175_1.blastn.txt,end,PA0041,6129,5881,5881
GCA_963437285_1.blastn.txt,end,PA0041,6129,5881,5881
GCA_025104815_1.blastn.txt,beg,PA0041,5882,5633,5882
GCA_013620125_1.blastn.txt,end,PA0041,5635,5884,5884
GCA_004350385_1.blastn.txt,beg,PA0041,5891,5642,5891
GCA_963454075_1.blastn.txt,beg,PA0041,5902,6151,5902
GCA_963452735_1.blastn.txt,end,PA0041,6151,5902,5902
GCA_963428675_1.blastn.txt,end,PA0041,5942,6191,6191
GCA_000481065_1.blastn.txt,beg,PA0041,6494,6245,6494
GCA_000481065_1.blastn.txt,end,PA0041,6245,6494,6494
GCA_963433775_1.blastn.txt,end,PA0041,6376,6625,6625
GCA_001449725_1.blastn.txt,end,PA0041,7499,7250,7250
GCA_029605155_1.blastn.txt,end,PA0041,7250,7329,7329
GCA_040064175_1.blastn.txt,end,PA0041,7250,7329,7329
GCA_963444105_1.blastn.txt,end,PA0041,7250,7329,7329
GCA_040064175_1.blastn.txt,beg,PA0041,7330,7081,7330
GCA_029605155_1.blastn.txt,end,PA0041,7081,7330,7330
GCA_963444105_1.blastn.txt,end,PA0041,7081,7330,7330
GCA_036599025_1.blastn.txt,beg,PA0041,7331,7580,7331
GCA_040064175_1.blastn.txt,beg,PA0041,7331,7580,7331
GCA_029605155_1.blastn.txt,end,PA0041,7580,7331,7331
GCA_015765385_1.blastn.txt,end,PA0041,7127,7376,7376
GCA_963433075_1.blastn.txt,end,PA0041,7250,7376,7376
GCA_031824055_1.blastn.txt,beg,PA0041,7402,7153,7402
GCA_021681715_1.blastn.txt,end,PA0041,7174,7423,7423
GCA_021681715_1.blastn.txt,end,PA0041,7249,7423,7423
GCA_963452735_1.blastn.txt,end,PA0041,7249,7423,7423
GCA_963452735_1.blastn.txt,beg,PA0041,7424,7175,7424
GCA_031824055_1.blastn.txt,beg,PA0041,7434,7249,7434
GCA_036599025_1.blastn.txt,end,PA0041,7192,7441,7441
GCA_036599025_1.blastn.txt,end,PA0041,7250,7441,7441
GCA_036315885_1.blastn.txt,end,PA0041,7249,7450,7450
GCA_019781145_1.blastn.txt,beg,PA0041,7457,7250,7457
GCA_001449725_1.blastn.txt,end,PA0041,7239,7488,7488
GCA_001449725_1.blastn.txt,end,PA0041,7250,7488,7488
GCA_015765385_1.blastn.txt,beg,PA0041,7555,7306,7555
GCA_021681715_1.blastn.txt,beg,PA0041,7555,7804,7555
GCA_021681715_1.blastn.txt,end,PA0041,7804,7555,7555
GCA_019781145_1.blastn.txt,beg,PA0041,7609,7858,7609
GCA_038594085_1.blastn.txt,beg,PA0041,7609,7858,7609
GCA_038594085_1.blastn.txt,beg,PA0041,7629,7380,7629
GCA_038594085_1.blastn.txt,beg,PA0041,7629,7380,7629
GCA_031824055_1.blastn.txt,beg,PA0041,7705,7954,7705
GCA_019781145_1.blastn.txt,beg,PA0041,7735,7486,7735
GCA_036315885_1.blastn.txt,beg,PA0041,7883,8060,7883
GCA_963433075_1.blastn.txt,beg,PA0041,7883,7634,7883
GCA_963452735_1.blastn.txt,beg,PA0041,7883,8060,7883
GCA_963452735_1.blastn.txt,beg,PA0041,7884,8129,7884
GCA_036315885_1.blastn.txt,end,PA0041,8129,7884,7884
GCA_015765385_1.blastn.txt,beg,PA0041,7934,8060,7934
GCA_963444105_1.blastn.txt,end,PA0041,8202,7953,7953
GCA_963428675_1.blastn.txt,beg,PA0041,8026,8060,8026
GCA_963433775_1.blastn.txt,beg,PA0041,8026,8060,8026
GCA_963433075_1.blastn.txt,end,PA0041,8310,8061,8061
GCA_001449725_1.blastn.txt,beg,PA0041,8078,8327,8078
GCA_015765385_1.blastn.txt,end,PA0041,8549,8300,8300
GCA_038594085_1.blastn.txt,end,PA0041,8118,8367,8367
GCA_040064175_1.blastn.txt,end,PA0041,8118,8367,8367
GCA_031824055_1.blastn.txt,end,PA0041,8126,8375,8375
GCA_963428675_1.blastn.txt,beg,PA0041,8376,8625,8376
GCA_963433775_1.blastn.txt,beg,PA0041,8376,8625,8376
GCA_031824055_1.blastn.txt,beg,PA0041,8377,8625,8377
GCA_963428675_1.blastn.txt,beg,PA0041,8377,8625,8377
GCA_963433775_1.blastn.txt,beg,PA0041,8377,8625,8377
GCA_031824055_1.blastn.txt,beg,PA0041,8388,8630,8388
GCA_963451295_1.blastn.txt,beg,PA0041,8409,8160,8409
GCA_015765385_1.blastn.txt,end,PA0041,8177,8426,8426
GCA_029605155_1.blastn.txt,beg,PA0041,8492,8243,8492
GCA_036599025_1.blastn.txt,end,PA0041,8243,8492,8492
GCA_019166725_1.blastn.txt,end,PA0041,8321,8561,8561
GCA_015765385_1.blastn.txt,end,PA0041,8825,8576,8576
GCA_003974685_1.blastn.txt,beg,PA0041,8591,8796,8591
GCA_003974685_1.blastn.txt,end,PA0041,8796,8591,8591
GCA_019167725_1.blastn.txt,end,PA0041,8789,8596,8596
GCA_019781145_1.blastn.txt,beg,PA0041,8702,8796,8702
GCA_019781145_1.blastn.txt,beg,PA0041,8702,8796,8702
GCA_004372205_1.blastn.txt,end,PA0041,8789,8728,8728
GCA_016009715_1.blastn.txt,beg,PA0041,8789,8709,8789
GCA_003974685_1.blastn.txt,beg,PA0041,8796,8624,8796
GCA_963444105_1.blastn.txt,beg,PA0041,8796,8607,8796
GCA_003974685_1.blastn.txt,end,PA0041,8624,8796,8796
GCA_016009715_1.blastn.txt,end,PA0041,8709,8796,8796
GCA_019781145_1.blastn.txt,end,PA0041,8579,8796,8796
GCA_963429955_1.blastn.txt,beg,PA0041,10575,10608,10575
GCA_963451295_1.blastn.txt,beg,PA0041,10575,10608,10575
GCA_016338985_1.blastn.txt,beg,PA2402,1338,1089,1338
GCA_963438465_1.blastn.txt,beg,PA2402,1338,1089,1338
GCA_963447035_1.blastn.txt,beg,PA2402,1338,1089,1338
GCA_963433075_1.blastn.txt,end,PA2402,1089,1338,1338
GCA_963451295_1.blastn.txt,end,PA2402,1089,1338,1338
GCA_025123755_1.blastn.txt,beg,PA2402,1339,1694,1339
GCA_016338985_1.blastn.txt,end,PA2402,1588,1339,1339
GCA_025104815_1.blastn.txt,end,PA2402,1166,1415,1415
GCA_025123615_1.blastn.txt,end,PA2402,1166,1415,1415
GCA_025123755_1.blastn.txt,end,PA2402,1166,1415,1415
GCA_025235705_1.blastn.txt,beg,PA2402,1474,1723,1474
GCA_963433075_1.blastn.txt,end,PA2402,1728,1482,1482
GCA_038594085_1.blastn.txt,beg,PA2402,1483,1732,1483
GCA_038594085_1.blastn.txt,beg,PA2402,1503,1254,1503
GCA_963443145_1.blastn.txt,beg,PA2402,1512,1263,1512
GCA_963433735_1.blastn.txt,end,PA2402,1263,1512,1512
GCA_029605155_1.blastn.txt,beg,PA2402,1520,1272,1520
GCA_963454075_1.blastn.txt,beg,PA2402,1520,1272,1520
GCA_029605155_1.blastn.txt,beg,PA2402,1521,1467,1521
GCA_963454075_1.blastn.txt,beg,PA2402,1521,1336,1521
GCA_029605155_1.blastn.txt,end,PA2402,1781,1522,1522
GCA_021681715_1.blastn.txt,end,PA2402,1295,1544,1544
GCA_021681715_1.blastn.txt,end,PA2402,1467,1544,1544
GCA_001037195_1.blastn.txt,beg,PA2402,1546,1827,1546
GCA_025235705_1.blastn.txt,beg,PA2402,1550,1467,1550
GCA_025235705_1.blastn.txt,end,PA2402,1301,1550,1550
GCA_001037195_1.blastn.txt,end,PA2402,1312,1561,1561
GCA_001037195_1.blastn.txt,beg,PA2402,1565,1467,1565
GCA_023074245_1.blastn.txt,end,PA2402,2066,1573,1573
GCA_025106445_1.blastn.txt,end,PA2402,1822,1573,1573
GCA_001453615_1.blastn.txt,end,PA2402,1829,1578,1578
GCA_016009715_1.blastn.txt,beg,PA2402,1586,1835,1586
GCA_001453615_1.blastn.txt,beg,PA2402,1591,1840,1591
GCA_001453615_1.blastn.txt,beg,PA2402,1591,1840,1591
GCA_016009715_1.blastn.txt,end,PA2402,1474,1638,1638
GCA_025106445_1.blastn.txt,beg,PA2402,1649,1400,1649
GCA_025106445_1.blastn.txt,beg,PA2402,1649,1467,1649
GCA_963429955_1.blastn.txt,beg,PA2402,1656,1408,1656
GCA_963429955_1.blastn.txt,end,PA2402,1408,1657,1657
GCA_029397895_1.blastn.txt,end,PA2402,1427,1676,1676
GCA_015737885_1.blastn.txt,beg,PA2402,1678,1927,1678
GCA_002312095_1.blastn.txt,end,PA2402,1927,1678,1678
GCA_004370515_1.blastn.txt,end,PA2402,1927,1678,1678
GCA_023074245_1.blastn.txt,beg,PA2402,1683,1434,1683
GCA_023074245_1.blastn.txt,beg,PA2402,1683,1467,1683
GCA_025123755_1.blastn.txt,end,PA2402,1339,1694,1694
GCA_013115485_1.blastn.txt,end,PA2402,2181,1695,1695
GCA_028568195_1.blastn.txt,end,PA2402,2002,1703,1703
GCA_963433735_1.blastn.txt,beg,PA2402,1714,1962,1714
GCA_029397895_1.blastn.txt,beg,PA2402,1717,1966,1717
GCA_039570865_1.blastn.txt,beg,PA2402,1717,2193,1717
GCA_019166725_1.blastn.txt,end,PA2402,1996,1747,1747
GCA_019167725_1.blastn.txt,end,PA2402,1996,1747,1747
GCA_003935835_1.blastn.txt,end,PA2402,1505,1754,1754
GCA_029605155_1.blastn.txt,beg,PA2402,1781,1522,1781
GCA_963444575_1.blastn.txt,end,PA2402,1533,1782,1782
GCA_039570865_1.blastn.txt,beg,PA2402,1788,1539,1788
GCA_028568195_1.blastn.txt,beg,PA2402,1804,1555,1804
GCA_028568275_1.blastn.txt,beg,PA2402,1804,1555,1804
GCA_015737885_1.blastn.txt,end,PA2402,1555,1804,1804
GCA_001037195_1.blastn.txt,end,PA2402,2243,1808,1808
GCA_001453615_1.blastn.txt,end,PA2402,1567,1816,1816
GCA_001453615_1.blastn.txt,end,PA2402,1567,1816,1816
GCA_001037195_1.blastn.txt,end,PA2402,1546,1827,1827
GCA_001453615_1.blastn.txt,beg,PA2402,1829,1578,1829
GCA_963454075_1.blastn.txt,beg,PA2402,1875,2124,1875
GCA_028937265_3.blastn.txt,end,PA2402,1631,1880,1880
GCA_025235705_1.blastn.txt,end,PA2402,1748,1895,1895
GCA_028568195_1.blastn.txt,beg,PA2402,1916,2340,1916
GCA_963454075_1.blastn.txt,beg,PA2402,1954,2124,1954
GCA_025235705_1.blastn.txt,end,PA2402,2170,1954,1954
GCA_025235705_1.blastn.txt,end,PA2402,2170,1954,1954
GCA_023074245_1.blastn.txt,end,PA2402,2448,1956,1956
GCA_023074245_1.blastn.txt,end,PA2402,2448,1956,1956
GCA_002312095_1.blastn.txt,end,PA2402,1720,1969,1969
GCA_004372495_1.blastn.txt,end,PA2402,2221,1972,1972
GCA_004370515_1.blastn.txt,beg,PA2402,1975,1726,1975
GCA_002312095_1.blastn.txt,end,PA2402,1726,1975,1975
GCA_004370515_1.blastn.txt,end,PA2402,1726,1975,1975
GCA_028568195_1.blastn.txt,beg,PA2402,2002,1703,2002
GCA_004350385_1.blastn.txt,beg,PA2402,2029,2278,2029
GCA_004370515_1.blastn.txt,beg,PA2402,2045,2294,2045
GCA_023074245_1.blastn.txt,beg,PA2402,2066,1573,2066
GCA_963438465_1.blastn.txt,end,PA2402,2316,2067,2067
GCA_963447035_1.blastn.txt,end,PA2402,2316,2067,2067
GCA_025123615_1.blastn.txt,end,PA2402,2429,2077,2077
GCA_963440875_1.blastn.txt,beg,PA2402,2081,1833,2081
GCA_013115485_1.blastn.txt,beg,PA2402,2083,2293,2083
GCA_039570865_1.blastn.txt,beg,PA2402,2083,2332,2083
GCA_023933665_1.blastn.txt,beg,PA2402,2101,2350,2101
GCA_004372495_1.blastn.txt,beg,PA2402,2143,1894,2143
GCA_028568275_1.blastn.txt,beg,PA2402,2144,2479,2144
GCA_028568275_1.blastn.txt,beg,PA2402,2144,2479,2144
GCA_013115485_1.blastn.txt,beg,PA2402,2181,1695,2181
GCA_039570865_1.blastn.txt,end,PA2402,1717,2193,2193
GCA_039570865_1.blastn.txt,end,PA2402,1954,2193,2193
GCA_013115485_1.blastn.txt,end,PA2402,2444,2195,2195
GCA_963454465_1.blastn.txt,end,PA2402,1947,2196,2196
GCA_963433735_1.blastn.txt,beg,PA2402,2211,1966,2211
GCA_963433735_1.blastn.txt,end,PA2402,1964,2212,2212
GCA_019166725_1.blastn.txt,end,PA2402,2463,2214,2214
GCA_019167725_1.blastn.txt,end,PA2402,2463,2214,2214
GCA_028568195_1.blastn.txt,end,PA2402,2463,2214,2214
GCA_001037195_1.blastn.txt,beg,PA2402,2243,1808,2243
GCA_028568275_1.blastn.txt,end,PA2402,2021,2270,2270
GCA_004350385_1.blastn.txt,end,PA2402,2033,2282,2282
GCA_019166725_1.blastn.txt,end,PA2402,2041,2290,2290
GCA_019167725_1.blastn.txt,end,PA2402,2041,2290,2290
GCA_013115485_1.blastn.txt,end,PA2402,2083,2293,2293
GCA_963440875_1.blastn.txt,beg,PA2402,2294,2543,2294
GCA_963440875_1.blastn.txt,beg,PA2402,2295,2543,2295
GCA_963449025_1.blastn.txt,beg,PA2402,2336,2088,2336
GCA_963449025_1.blastn.txt,beg,PA2402,2337,2088,2337
GCA_023074245_1.blastn.txt,end,PA2402,2587,2338,2338
GCA_028568195_1.blastn.txt,beg,PA2402,2340,2091,2340
GCA_016009715_1.blastn.txt,end,PA2402,2091,2340,2340
GCA_028568195_1.blastn.txt,end,PA2402,1916,2340,2340
GCA_025123755_1.blastn.txt,end,PA2402,2790,2344,2344
GCA_036236935_1.blastn.txt,end,PA2402,2599,2352,2352
GCA_025123615_1.blastn.txt,end,PA2402,2602,2353,2353
GCA_025235705_1.blastn.txt,end,PA2402,2602,2353,2353
GCA_028568275_1.blastn.txt,end,PA2402,2602,2353,2353
GCA_004350385_1.blastn.txt,beg,PA2402,2375,2624,2375
GCA_004372495_1.blastn.txt,end,PA2402,2626,2377,2377
GCA_004350385_1.blastn.txt,end,PA2402,2631,2382,2382
GCA_025123755_1.blastn.txt,end,PA2402,2171,2420,2420
GCA_025123755_1.blastn.txt,end,PA2402,2171,2420,2420
GCA_028568275_1.blastn.txt,end,PA2402,2669,2426,2426
GCA_025123615_1.blastn.txt,beg,PA2402,2429,2077,2429
GCA_025235705_1.blastn.txt,beg,PA2402,2429,2180,2429
GCA_036236935_1.blastn.txt,beg,PA2402,2429,2180,2429
GCA_003974905_1.blastn.txt,end,PA2402,2696,2447,2447
GCA_023074245_1.blastn.txt,beg,PA2402,2448,1956,2448
GCA_023074245_1.blastn.txt,beg,PA2402,2448,1956,2448
GCA_001037195_1.blastn.txt,end,PA2402,2642,2471,2471
GCA_028568275_1.blastn.txt,end,PA2402,2144,2479,2479
GCA_028568275_1.blastn.txt,end,PA2402,2144,2479,2479
GCA_002312095_1.blastn.txt,beg,PA2402,2501,2744,2501
GCA_004372495_1.blastn.txt,end,PA2402,2265,2514,2514
GCA_963449685_1.blastn.txt,beg,PA2402,2516,2267,2516
GCA_963437705_1.blastn.txt,beg,PA2402,2531,2283,2531
GCA_963454075_1.blastn.txt,end,PA2402,2321,2567,2567
GCA_963454075_1.blastn.txt,end,PA2402,2321,2570,2570
GCA_001453615_1.blastn.txt,beg,PA2402,2599,2848,2599
GCA_003974905_1.blastn.txt,end,PA2402,2862,2615,2615
GCA_031488955_2.blastn.txt,end,PA2402,2367,2616,2616
GCA_029423715_3.blastn.txt,beg,PA2402,2620,2869,2620
GCA_029423715_3.blastn.txt,end,PA2402,2869,2620,2620
GCA_001037195_1.blastn.txt,end,PA2402,2763,2623,2623
GCA_963449685_1.blastn.txt,beg,PA2402,2648,2399,2648
GCA_004350385_1.blastn.txt,end,PA2402,2399,2648,2648
GCA_029397895_1.blastn.txt,end,PA2402,2920,2672,2672
GCA_025123755_1.blastn.txt,beg,PA2402,2714,2963,2714
GCA_025123755_1.blastn.txt,beg,PA2402,2714,2963,2714
GCA_963438465_1.blastn.txt,beg,PA2402,2742,2494,2742
GCA_963447035_1.blastn.txt,beg,PA2402,2742,2494,2742
GCA_029605155_1.blastn.txt,end,PA2402,2494,2742,2742
GCA_029605155_1.blastn.txt,beg,PA2402,2743,2494,2743
GCA_013115485_1.blastn.txt,beg,PA2402,2744,2993,2744
GCA_902203585_1.blastn.txt,beg,PA2402,2754,2991,2754
GCA_902203585_1.blastn.txt,beg,PA2402,2754,3003,2754
GCA_039570865_1.blastn.txt,beg,PA2402,2771,2997,2771
GCA_016009715_1.blastn.txt,end,PA2402,2991,2771,2771
GCA_039570865_1.blastn.txt,end,PA2402,3020,2771,2771
GCA_031488955_2.blastn.txt,end,PA2402,2531,2780,2780
GCA_025123755_1.blastn.txt,beg,PA2402,2790,2344,2790
GCA_963444575_1.blastn.txt,beg,PA2402,2792,3040,2792
GCA_028568195_1.blastn.txt,beg,PA2402,2813,2991,2813
GCA_028568195_1.blastn.txt,end,PA2402,3062,2813,2813
GCA_963444105_1.blastn.txt,end,PA2402,2596,2816,2816
GCA_963433075_1.blastn.txt,end,PA2402,3073,2824,2824
GCA_963437285_1.blastn.txt,beg,PA2402,2827,2578,2827
GCA_963437285_1.blastn.txt,end,PA2402,2991,2828,2828
GCA_963437285_1.blastn.txt,end,PA2402,3077,2829,2829
GCA_963454075_1.blastn.txt,end,PA2402,3077,2829,2829
GCA_013115485_1.blastn.txt,beg,PA2402,2842,2593,2842
GCA_013115485_1.blastn.txt,beg,PA2402,2842,2593,2842
GCA_963429955_1.blastn.txt,end,PA2402,3100,2851,2851
GCA_025106445_1.blastn.txt,end,PA2402,2991,2863,2863
GCA_025106445_1.blastn.txt,end,PA2402,3112,2863,2863
GCA_023074245_1.blastn.txt,end,PA2402,2991,2879,2879
GCA_023074245_1.blastn.txt,end,PA2402,3128,2879,2879
GCA_039570865_1.blastn.txt,end,PA2402,2632,2881,2881
GCA_963433735_1.blastn.txt,beg,PA2402,2883,2991,2883
GCA_963443145_1.blastn.txt,beg,PA2402,2883,2991,2883
GCA_963449685_1.blastn.txt,end,PA2402,3132,2883,2883
GCA_029605155_1.blastn.txt,beg,PA2402,2884,3132,2884
GCA_963443145_1.blastn.txt,beg,PA2402,2884,3132,2884
GCA_963433735_1.blastn.txt,end,PA2402,3132,2884,2884
GCA_013115485_1.blastn.txt,end,PA2402,3144,2895,2895
GCA_902203585_1.blastn.txt,beg,PA2402,2901,2652,2901
GCA_963438465_1.blastn.txt,end,PA2402,3151,2902,2902
GCA_963447035_1.blastn.txt,end,PA2402,3151,2902,2902
GCA_025235705_1.blastn.txt,end,PA2402,3163,2914,2914
GCA_025235705_1.blastn.txt,end,PA2402,3163,2914,2914
GCA_036236935_1.blastn.txt,end,PA2402,3163,2914,2914
GCA_036236935_1.blastn.txt,end,PA2402,3163,2914,2914
GCA_003935835_1.blastn.txt,beg,PA2402,2915,3164,2915
GCA_019167725_1.blastn.txt,beg,PA2402,2915,3164,2915
GCA_025123615_1.blastn.txt,beg,PA2402,2915,3164,2915
GCA_019166725_1.blastn.txt,end,PA2402,3164,2915,2915
GCA_019166725_1.blastn.txt,end,PA2402,3164,2915,2915
GCA_019167725_1.blastn.txt,end,PA2402,3164,2915,2915
GCA_025104815_1.blastn.txt,beg,PA2402,2917,3166,2917
GCA_023933665_1.blastn.txt,beg,PA2402,2939,3188,2939
GCA_025106445_1.blastn.txt,beg,PA2402,2939,2690,2939
GCA_028568195_1.blastn.txt,beg,PA2402,2939,2690,2939
GCA_963454465_1.blastn.txt,end,PA2402,3189,2941,2941
GCA_963449025_1.blastn.txt,end,PA2402,3208,2959,2959
GCA_963437705_1.blastn.txt,beg,PA2402,2960,3208,2960
GCA_963449025_1.blastn.txt,end,PA2402,3208,2960,2960
GCA_038594085_1.blastn.txt,end,PA2402,3220,2971,2971
GCA_023933665_1.blastn.txt,end,PA2402,2744,2987,2987
GCA_003974905_1.blastn.txt,beg,PA2402,2989,2740,2989
GCA_023074245_1.blastn.txt,beg,PA2402,2989,2740,2989
GCA_025235705_1.blastn.txt,beg,PA2402,2990,2741,2990
GCA_036236935_1.blastn.txt,beg,PA2402,2990,2741,2990
GCA_019166725_1.blastn.txt,beg,PA2402,2991,2742,2991
GCA_019167725_1.blastn.txt,beg,PA2402,2991,2742,2991
GCA_025123615_1.blastn.txt,beg,PA2402,2991,2744,2991
GCA_003935835_1.blastn.txt,end,PA2402,2744,2991,2991
GCA_038594085_1.blastn.txt,end,PA2402,2744,2991,2991
GCA_031488955_2.blastn.txt,beg,PA2402,2993,3242,2993
GCA_013115485_1.blastn.txt,end,PA2402,2744,2993,2993
GCA_963451295_1.blastn.txt,end,PA2402,3243,2994,2994
GCA_031488955_2.blastn.txt,end,PA2402,3237,3061,3061
GCA_016338985_1.blastn.txt,end,PA2402,4302,4053,4053
GCA_963433075_1.blastn.txt,beg,PA2402,6145,5896,6145
GCA_963433075_1.blastn.txt,end,PA2402,6395,6146,6146
GCA_963437705_1.blastn.txt,end,PA2402,7453,7411,7411
GCA_035727575_1.blastn.txt,beg,PA2402,8465,8619,8465
GCA_001449725_1.blastn.txt,end,PA2402,8619,8465,8465
GCA_031210765_1.blastn.txt,end,PA2402,8619,8465,8465
GCA_036599025_1.blastn.txt,end,PA2402,8619,8465,8465
GCA_015736465_1.blastn.txt,beg,PA2402,8510,8619,8510
GCA_000950725_1.blastn.txt,beg,PA2402,8619,8510,8619
GCA_035727575_1.blastn.txt,end,PA2402,8465,8619,8619
GCA_963428675_1.blastn.txt,beg,PA2402,8683,8797,8683
GCA_963433775_1.blastn.txt,beg,PA2402,8683,8797,8683
GCA_016338985_1.blastn.txt,beg,PA2402,8919,8670,8919
GCA_963433075_1.blastn.txt,beg,PA2402,8919,8670,8919
GCA_963438465_1.blastn.txt,beg,PA2402,8919,8670,8919
GCA_963447035_1.blastn.txt,beg,PA2402,8919,8670,8919
GCA_963451295_1.blastn.txt,beg,PA2402,8919,8670,8919
GCA_025104815_1.blastn.txt,beg,PA2402,8920,9169,8920
GCA_025123615_1.blastn.txt,beg,PA2402,8920,9169,8920
GCA_963438465_1.blastn.txt,beg,PA2402,8920,9169,8920
GCA_963447035_1.blastn.txt,beg,PA2402,8920,9169,8920
GCA_023933665_1.blastn.txt,end,PA2402,8725,8974,8974
GCA_025104815_1.blastn.txt,end,PA2402,8747,8996,8996
GCA_025123615_1.blastn.txt,end,PA2402,8747,8996,8996
GCA_025123755_1.blastn.txt,end,PA2402,8747,8996,8996
GCA_963433075_1.blastn.txt,end,PA2402,9309,9060,9060
GCA_038594085_1.blastn.txt,beg,PA2402,9084,8835,9084
GCA_963433735_1.blastn.txt,beg,PA2402,9092,9063,9092
GCA_963443145_1.blastn.txt,end,PA2402,9063,9092,9092
GCA_019166725_1.blastn.txt,beg,PA2402,9170,9063,9170
GCA_019167725_1.blastn.txt,beg,PA2402,9170,9063,9170
GCA_025123755_1.blastn.txt,beg,PA2402,9199,9448,9199
GCA_025123755_1.blastn.txt,beg,PA2402,9199,9448,9199
GCA_029397895_1.blastn.txt,end,PA2402,9063,9257,9257
GCA_003935835_1.blastn.txt,beg,PA2402,9259,9476,9259
GCA_013115485_1.blastn.txt,end,PA2402,9762,9276,9276
GCA_963433735_1.blastn.txt,end,PA2402,9476,9294,9294
GCA_003935835_1.blastn.txt,end,PA2402,9086,9335,9335
GCA_013115485_1.blastn.txt,beg,PA2402,9357,9108,9357
GCA_013115485_1.blastn.txt,beg,PA2402,9357,9108,9357
GCA_963444575_1.blastn.txt,end,PA2402,9114,9362,9362
GCA_029605155_1.blastn.txt,end,PA2402,9612,9363,9363
GCA_029605155_1.blastn.txt,beg,PA2402,9364,9612,9364
GCA_023933665_1.blastn.txt,end,PA2402,9734,9387,9387
GCA_001037195_1.blastn.txt,end,PA2402,9824,9389,9389
GCA_025104815_1.blastn.txt,end,PA2402,9728,9400,9400
GCA_025104815_1.blastn.txt,end,PA2402,9728,9400,9400
GCA_016337725_1.blastn.txt,beg,PA2402,9456,9207,9456
GCA_025104815_1.blastn.txt,end,PA2402,9227,9476,9476
GCA_902203585_1.blastn.txt,end,PA2402,9239,9476,9476
GCA_902203585_1.blastn.txt,end,PA2402,9853,9604,9604
GCA_021681715_1.blastn.txt,end,PA2402,9887,9638,9638
GCA_963438465_1.blastn.txt,end,PA2402,9398,9647,9647
GCA_963447035_1.blastn.txt,end,PA2402,9398,9647,9647
GCA_963438465_1.blastn.txt,beg,PA2402,9649,9897,9649
GCA_028937265_3.blastn.txt,end,PA2402,9898,9649,9649
GCA_963447035_1.blastn.txt,end,PA2402,9897,9649,9649
GCA_025104815_1.blastn.txt,end,PA2402,9901,9652,9652
GCA_025123615_1.blastn.txt,end,PA2402,10010,9658,9658
GCA_963440875_1.blastn.txt,end,PA2402,9414,9663,9663
GCA_025104815_1.blastn.txt,beg,PA2402,9728,9400,9728
GCA_025104815_1.blastn.txt,beg,PA2402,9728,9400,9728
GCA_023933665_1.blastn.txt,beg,PA2402,9734,9387,9734
GCA_025123615_1.blastn.txt,end,PA2402,9485,9734,9734
GCA_013115485_1.blastn.txt,beg,PA2402,9762,9276,9762
GCA_963454465_1.blastn.txt,end,PA2402,9528,9777,9777
GCA_013115485_1.blastn.txt,end,PA2402,10025,9778,9778
GCA_900143895_1.blastn.txt,beg,PA2402,9805,10223,9805
GCA_001037195_1.blastn.txt,end,PA2402,10069,9805,9805
GCA_001037195_1.blastn.txt,beg,PA2402,9824,9389,9824
GCA_019166725_1.blastn.txt,beg,PA2402,9871,9622,9871
GCA_019167725_1.blastn.txt,beg,PA2402,9871,9622,9871
GCA_029423715_3.blastn.txt,beg,PA2402,9874,9625,9874
GCA_029423715_3.blastn.txt,end,PA2402,9625,9874,9874
GCA_963433075_1.blastn.txt,beg,PA2402,9932,9684,9932
GCA_963433075_1.blastn.txt,beg,PA2402,9933,9684,9933
GCA_003974905_1.blastn.txt,end,PA2402,9687,9936,9936
GCA_963437285_1.blastn.txt,beg,PA2402,9981,9732,9981
GCA_025123615_1.blastn.txt,beg,PA2402,10010,9658,10010
GCA_025235705_1.blastn.txt,beg,PA2402,10010,9761,10010
GCA_036236935_1.blastn.txt,beg,PA2402,10010,9761,10010
GCA_001453615_1.blastn.txt,end,PA2402,9767,10016,10016
GCA_902203585_1.blastn.txt,beg,PA2402,10021,9772,10021
GCA_001037195_1.blastn.txt,beg,PA2402,10069,9805,10069
GCA_004350385_1.blastn.txt,beg,PA2402,10073,9831,10073
GCA_963437705_1.blastn.txt,end,PA2402,9864,10112,10112
GCA_900143895_1.blastn.txt,end,PA2402,9805,10223,10223
GCA_963447035_1.blastn.txt,beg,PA2402,10324,10075,10324
GCA_963438465_1.blastn.txt,end,PA2402,10075,10324,10324
GCA_035727575_1.blastn.txt,end,PA2402,10397,10327,10327
GCA_963444575_1.blastn.txt,end,PA2402,10578,10372,10372
GCA_035727575_1.blastn.txt,beg,PA2402,10397,10327,10397
GCA_963433075_1.blastn.txt,beg,PA2402,10405,10654,10405
GCA_963454075_1.blastn.txt,end,PA2402,10658,10410,10410
GCA_963429955_1.blastn.txt,end,PA2402,10681,10433,10433
GCA_029605155_1.blastn.txt,beg,PA2402,10464,10578,10464
GCA_963449685_1.blastn.txt,beg,PA2402,10465,10713,10465
GCA_013115485_1.blastn.txt,beg,PA2402,10476,10725,10476
GCA_963438465_1.blastn.txt,beg,PA2402,10486,10732,10486
GCA_963447035_1.blastn.txt,beg,PA2402,10486,10732,10486
GCA_003935835_1.blastn.txt,beg,PA2402,10496,10745,10496
GCA_025123615_1.blastn.txt,beg,PA2402,10496,10745,10496
GCA_025104815_1.blastn.txt,beg,PA2402,10498,10747,10498
GCA_963454465_1.blastn.txt,beg,PA2402,10521,10578,10521
GCA_021681715_1.blastn.txt,beg,PA2402,10522,10578,10522
GCA_038594085_1.blastn.txt,end,PA2402,10801,10552,10552
GCA_025104815_1.blastn.txt,beg,PA2402,10574,10325,10574
GCA_963451295_1.blastn.txt,beg,PA2402,10575,10824,10575
GCA_963440875_1.blastn.txt,end,PA2402,11093,11342,11342
GCA_963440875_1.blastn.txt,beg,PA2402,11343,11592,11343
GCA_963440875_1.blastn.txt,end,PA2402,13324,13573,13573
GCA_963451295_1.blastn.txt,end,PA2402,13324,13573,13573
GCA_025123755_1.blastn.txt,beg,PA2402,13574,13823,13574
GCA_028937265_3.blastn.txt,beg,PA2402,13589,13340,13589
GCA_016338985_1.blastn.txt,beg,PA2402,13590,13341,13590
GCA_963454075_1.blastn.txt,beg,PA2402,13590,13341,13590
GCA_963433075_1.blastn.txt,end,PA2402,13341,13590,13590
GCA_963438465_1.blastn.txt,end,PA2402,13341,13590,13590
GCA_963447035_1.blastn.txt,end,PA2402,13341,13590,13590
GCA_023933665_1.blastn.txt,beg,PA2402,13591,13840,13591
GCA_025123615_1.blastn.txt,beg,PA2402,13591,13840,13591
GCA_004350385_1.blastn.txt,end,PA2402,13840,13591,13591
GCA_039568845_1.blastn.txt,end,PA2402,13840,13591,13591
GCA_028937265_3.blastn.txt,beg,PA2402,13612,13861,13612
GCA_963449685_1.blastn.txt,end,PA2402,13380,13628,13628
GCA_963449685_1.blastn.txt,beg,PA2402,13629,13574,13629
GCA_963449685_1.blastn.txt,beg,PA2402,13630,13879,13630
GCA_004372495_1.blastn.txt,beg,PA2402,13643,13892,13643
GCA_031849395_1.blastn.txt,beg,PA2402,13643,13892,13643
GCA_023933665_1.blastn.txt,end,PA2402,13396,13645,13645
GCA_025123615_1.blastn.txt,end,PA2402,13418,13667,13667
GCA_039568845_1.blastn.txt,beg,PA2402,13701,13452,13701
GCA_031849395_1.blastn.txt,end,PA2402,13470,13719,13719
GCA_038594085_1.blastn.txt,beg,PA2402,13747,13995,13747
GCA_963432815_1.blastn.txt,beg,PA2402,13763,13954,13763
GCA_031210765_1.blastn.txt,beg,PA2402,13810,13954,13810
GCA_001449725_1.blastn.txt,end,PA2402,13954,13810,13810
GCA_963433075_1.blastn.txt,end,PA2402,14059,13810,13810
GCA_038594085_1.blastn.txt,end,PA2402,13626,13875,13875
GCA_004350385_1.blastn.txt,beg,PA2402,13889,13640,13889
GCA_004350385_1.blastn.txt,end,PA2402,13640,13889,13889
GCA_004372495_1.blastn.txt,beg,PA2402,13940,13691,13940
GCA_004372495_1.blastn.txt,beg,PA2402,13940,13691,13940
GCA_963451295_1.blastn.txt,end,PA2402,14271,14022,14022
GCA_028435405_1.blastn.txt,end,PA2402,14264,14038,14038
GCA_963429955_1.blastn.txt,beg,PA2402,14112,13864,14112
GCA_003974905_1.blastn.txt,beg,PA2402,14126,13877,14126
GCA_028435405_1.blastn.txt,end,PA2402,14389,14140,14140
GCA_028435405_1.blastn.txt,beg,PA2402,14264,14038,14264
GCA_028435405_1.blastn.txt,end,PA2402,14038,14264,14264
GCA_963449685_1.blastn.txt,end,PA2402,14072,14321,14321
GCA_021680435_1.blastn.txt,beg,PA2402,14396,14147,14396
GCA_021680435_1.blastn.txt,end,PA2402,14147,14396,14396
GCA_963454075_1.blastn.txt,beg,PA2402,14398,14647,14398
GCA_021680435_1.blastn.txt,beg,PA2402,14419,14668,14419
GCA_963433075_1.blastn.txt,beg,PA2402,14525,14276,14525
GCA_963451295_1.blastn.txt,beg,PA2402,14525,14276,14525
GCA_004350385_1.blastn.txt,beg,PA2402,14678,14918,14678
GCA_021680435_1.blastn.txt,beg,PA2402,14760,15009,14760
GCA_020406475_1.blastn.txt,beg,PA2402,14887,14638,14887
GCA_039568845_1.blastn.txt,beg,PA2402,14920,15275,14920
GCA_028937265_3.blastn.txt,end,PA2402,14716,14963,14963
GCA_031849395_1.blastn.txt,end,PA2402,15226,14977,14977
GCA_004372495_1.blastn.txt,end,PA2402,15227,14978,14978
GCA_004372495_1.blastn.txt,end,PA2402,15227,14978,14978
GCA_028937265_3.blastn.txt,beg,PA2402,15047,15296,15047
GCA_031849395_1.blastn.txt,end,PA2402,14804,15053,15053
GCA_963429955_1.blastn.txt,end,PA2402,15303,15054,15054
GCA_016338985_1.blastn.txt,end,PA2402,15321,15072,15072
GCA_025123755_1.blastn.txt,beg,PA2402,15118,15367,15118
GCA_963447035_1.blastn.txt,beg,PA2402,15123,15372,15123
GCA_039568845_1.blastn.txt,beg,PA2402,15165,15414,15165
GCA_025123615_1.blastn.txt,beg,PA2402,15166,15415,15166
GCA_023933665_1.blastn.txt,beg,PA2402,15197,15446,15197
GCA_025123615_1.blastn.txt,end,PA2402,14993,15242,15242
GCA_963433075_1.blastn.txt,beg,PA2402,15243,15450,15243
GCA_963438465_1.blastn.txt,beg,PA2402,15243,15450,15243
GCA_963451295_1.blastn.txt,end,PA2402,15450,15243,15243
GCA_023933665_1.blastn.txt,end,PA2402,15002,15251,15251
GCA_963454075_1.blastn.txt,end,PA2402,15002,15251,15251
GCA_963454075_1.blastn.txt,beg,PA2402,15252,15450,15252
GCA_963449685_1.blastn.txt,end,PA2402,15450,15252,15252
GCA_004372495_1.blastn.txt,end,PA2402,15026,15275,15275
GCA_016337725_1.blastn.txt,end,PA2402,15026,15275,15275
GCA_039568845_1.blastn.txt,end,PA2402,14920,15275,15275
GCA_963440875_1.blastn.txt,end,PA2402,15026,15275,15275
GCA_016337725_1.blastn.txt,beg,PA2402,15276,15450,15276
GCA_963440875_1.blastn.txt,end,PA2402,15450,15276,15276
GCA_036664635_1.blastn.txt,beg,PA2462,1,209,1
GCA_963428675_1.blastn.txt,beg,PA2462,1,250,1
GCA_963451295_1.blastn.txt,beg,PA2462,1,111,1
GCA_036664635_1.blastn.txt,end,PA2462,209,1,1
GCA_963433775_1.blastn.txt,end,PA2462,250,1,1
GCA_031847695_1.blastn.txt,end,PA2462,319,70,70
GCA_030540985_1.blastn.txt,beg,PA2462,77,326,77
GCA_031205835_1.blastn.txt,end,PA2462,326,77,77
GCA_034810865_1.blastn.txt,end,PA2462,1,132,132
GCA_030540985_1.blastn.txt,beg,PA2462,153,1,153
GCA_031205835_1.blastn.txt,beg,PA2462,153,1,153
GCA_003974905_1.blastn.txt,end,PA2462,495,246,246
GCA_963444105_1.blastn.txt,beg,PA2462,248,1,248
GCA_021681715_1.blastn.txt,end,PA2462,1,248,248
GCA_034810865_1.blastn.txt,beg,PA2462,281,530,281
GCA_021680435_1.blastn.txt,beg,PA2462,452,701,452
GCA_003974685_1.blastn.txt,end,PA2462,741,492,492
GCA_963451295_1.blastn.txt,end,PA2462,251,500,500
GCA_963433775_1.blastn.txt,beg,PA2462,529,280,529
GCA_963437285_1.blastn.txt,beg,PA2462,554,305,554
GCA_031488955_2.blastn.txt,end,PA2462,331,580,580
GCA_022341105_1.blastn.txt,end,PA2462,886,595,595
GCA_022341105_1.blastn.txt,end,PA2462,886,595,595
GCA_036599025_1.blastn.txt,beg,PA2462,612,861,612
GCA_036599025_1.blastn.txt,end,PA2462,861,612,612
GCA_037001005_1.blastn.txt,beg,PA2462,644,395,644
GCA_038594085_1.blastn.txt,beg,PA2462,699,984,699
GCA_038594085_1.blastn.txt,end,PA2462,984,699,699
GCA_000950725_1.blastn.txt,beg,PA2462,719,470,719
GCA_963452735_1.blastn.txt,end,PA2462,470,719,719
GCA_963444105_1.blastn.txt,end,PA2462,969,720,720
GCA_963450005_1.blastn.txt,end,PA2462,969,720,720
GCA_022341105_1.blastn.txt,beg,PA2462,721,472,721
GCA_036599025_1.blastn.txt,beg,PA2462,722,473,722
GCA_000950725_1.blastn.txt,end,PA2462,1009,760,760
GCA_022341105_1.blastn.txt,end,PA2462,1231,760,760
GCA_019781145_1.blastn.txt,beg,PA2462,767,1016,767
GCA_004372495_1.blastn.txt,end,PA2462,1056,807,807
GCA_038594085_1.blastn.txt,end,PA2462,584,833,833
GCA_037001005_1.blastn.txt,end,PA2462,1074,875,875
GCA_022341105_1.blastn.txt,beg,PA2462,886,595,886
GCA_022341105_1.blastn.txt,beg,PA2462,886,595,886
GCA_036664635_1.blastn.txt,beg,PA2462,929,680,929
GCA_963428675_1.blastn.txt,end,PA2462,680,929,929
GCA_001449725_1.blastn.txt,beg,PA2462,949,1198,949
GCA_038594085_1.blastn.txt,beg,PA2462,984,699,984
GCA_038594085_1.blastn.txt,end,PA2462,699,984,984
GCA_001453615_1.blastn.txt,beg,PA2462,1012,1261,1012
GCA_028937265_3.blastn.txt,end,PA2462,803,1052,1052
GCA_037001005_1.blastn.txt,beg,PA2462,1074,875,1074
GCA_000481065_1.blastn.txt,beg,PA2462,1113,1362,1113
GCA_000481065_1.blastn.txt,beg,PA2462,1113,1362,1113
GCA_002189115_1.blastn.txt,beg,PA2462,1115,1364,1115
GCA_002189115_1.blastn.txt,beg,PA2462,1115,1364,1115
GCA_025235705_1.blastn.txt,end,PA2462,1404,1155,1155
GCA_036236935_1.blastn.txt,end,PA2462,1408,1159,1159
GCA_022341105_1.blastn.txt,beg,PA2462,1231,760,1231
GCA_025235705_1.blastn.txt,end,PA2462,982,1231,1231
GCA_029423715_3.blastn.txt,beg,PA2462,1233,1479,1233
GCA_034810865_1.blastn.txt,end,PA2462,1479,1233,1233
GCA_031824655_1.blastn.txt,beg,PA2462,1235,986,1235
GCA_036236935_1.blastn.txt,beg,PA2462,1235,986,1235
GCA_002189115_1.blastn.txt,end,PA2462,986,1235,1235
GCA_963444105_1.blastn.txt,beg,PA2462,1236,987,1236
GCA_963450005_1.blastn.txt,beg,PA2462,1236,987,1236
GCA_031824655_1.blastn.txt,end,PA2462,1735,1236,1236
GCA_013115485_1.blastn.txt,beg,PA2462,1246,1495,1246
GCA_015736465_1.blastn.txt,beg,PA2462,1262,1511,1262
GCA_016009715_1.blastn.txt,beg,PA2462,1262,1511,1262
GCA_039570865_1.blastn.txt,end,PA2462,1527,1278,1278
GCA_013620125_1.blastn.txt,beg,PA2462,1291,1540,1291
GCA_019166725_1.blastn.txt,beg,PA2462,1312,1561,1312
GCA_025123755_1.blastn.txt,beg,PA2462,1312,1561,1312
GCA_003935835_1.blastn.txt,end,PA2462,1561,1312,1312
GCA_019167725_1.blastn.txt,end,PA2462,1561,1312,1312
GCA_020406475_1.blastn.txt,end,PA2462,1561,1312,1312
GCA_025104815_1.blastn.txt,end,PA2462,1561,1312,1312
GCA_031205835_1.blastn.txt,end,PA2462,1561,1312,1312
GCA_031849395_1.blastn.txt,end,PA2462,1561,1312,1312
GCA_023909265_1.blastn.txt,beg,PA2462,1318,1567,1318
GCA_023933665_1.blastn.txt,end,PA2462,1583,1337,1337
GCA_038594085_1.blastn.txt,end,PA2462,1710,1368,1368
GCA_015736465_1.blastn.txt,beg,PA2462,1388,1139,1388
GCA_031824055_1.blastn.txt,beg,PA2462,1388,1139,1388
GCA_963437285_1.blastn.txt,beg,PA2462,1388,1139,1388
GCA_013620125_1.blastn.txt,end,PA2462,1139,1388,1388
GCA_025104815_1.blastn.txt,end,PA2462,1139,1388,1388
GCA_039570865_1.blastn.txt,end,PA2462,1139,1388,1388
GCA_016338985_1.blastn.txt,beg,PA2462,1389,1638,1389
GCA_029605155_1.blastn.txt,beg,PA2462,1389,1638,1389
GCA_031824055_1.blastn.txt,beg,PA2462,1389,1815,1389
GCA_040064175_1.blastn.txt,beg,PA2462,1389,1638,1389
GCA_963433075_1.blastn.txt,beg,PA2462,1389,1638,1389
GCA_963433735_1.blastn.txt,beg,PA2462,1389,1638,1389
GCA_963454075_1.blastn.txt,beg,PA2462,1389,1638,1389
GCA_963429955_1.blastn.txt,end,PA2462,1653,1404,1404
GCA_038594085_1.blastn.txt,beg,PA2462,1710,1368,1710
GCA_034810865_1.blastn.txt,beg,PA2462,1734,1485,1734
GCA_031824655_1.blastn.txt,beg,PA2462,1735,1236,1735
GCA_031824655_1.blastn.txt,beg,PA2462,1736,1985,1736
GCA_031824055_1.blastn.txt,end,PA2462,1389,1815,1815
GCA_013620125_1.blastn.txt,beg,PA2462,1816,2065,1816
GCA_025123755_1.blastn.txt,end,PA2462,2065,1816,1816
GCA_013115485_1.blastn.txt,beg,PA2462,1819,2068,1819
GCA_004372495_1.blastn.txt,end,PA2462,2111,1862,1862
GCA_004372495_1.blastn.txt,end,PA2462,2111,1862,1862
GCA_025123755_1.blastn.txt,end,PA2462,1643,1892,1892
GCA_013620125_1.blastn.txt,end,PA2462,1664,1913,1913
GCA_013115485_1.blastn.txt,end,PA2462,1667,1917,1917
GCA_021681715_1.blastn.txt,beg,PA2462,1918,1669,1918
GCA_963429955_1.blastn.txt,beg,PA2462,1920,1672,1920
GCA_029605155_1.blastn.txt,end,PA2462,1672,1921,1921
GCA_040064175_1.blastn.txt,end,PA2462,1672,1921,1921
GCA_963433735_1.blastn.txt,end,PA2462,1672,1921,1921
GCA_029605155_1.blastn.txt,beg,PA2462,1922,2201,1922
GCA_040064175_1.blastn.txt,beg,PA2462,1922,2201,1922
GCA_015736465_1.blastn.txt,beg,PA2462,2023,2272,2023
GCA_001453615_1.blastn.txt,end,PA2462,1811,2060,2060
GCA_004372495_1.blastn.txt,beg,PA2462,2113,1864,2113
GCA_004372495_1.blastn.txt,beg,PA2462,2113,1864,2113
GCA_015736465_1.blastn.txt,end,PA2462,1900,2149,2149
GCA_963449685_1.blastn.txt,beg,PA2462,2157,2406,2157
GCA_963449685_1.blastn.txt,beg,PA2462,2158,2406,2158
GCA_038594085_1.blastn.txt,end,PA2462,2373,2187,2187
GCA_029605155_1.blastn.txt,end,PA2462,1922,2201,2201
GCA_040064175_1.blastn.txt,end,PA2462,1922,2201,2201
GCA_963450005_1.blastn.txt,beg,PA2462,2202,2451,2202
GCA_029605155_1.blastn.txt,end,PA2462,2529,2202,2202
GCA_040064175_1.blastn.txt,end,PA2462,2529,2202,2202
GCA_963444105_1.blastn.txt,end,PA2462,2451,2202,2202
GCA_015765385_1.blastn.txt,end,PA2462,2450,2203,2203
GCA_963437285_1.blastn.txt,beg,PA2462,2208,2457,2208
GCA_963443145_1.blastn.txt,beg,PA2462,2225,2474,2225
GCA_963433735_1.blastn.txt,end,PA2462,2474,2225,2225
GCA_963452735_1.blastn.txt,end,PA2462,2474,2225,2225
GCA_963452735_1.blastn.txt,end,PA2462,2471,2226,2226
GCA_034810865_1.blastn.txt,beg,PA2462,2258,2497,2258
GCA_004350385_1.blastn.txt,beg,PA2462,2263,2014,2263
GCA_001453615_1.blastn.txt,end,PA2462,2525,2276,2276
GCA_001453615_1.blastn.txt,end,PA2462,2525,2276,2276
GCA_021681715_1.blastn.txt,beg,PA2462,2346,2595,2346
GCA_004350385_1.blastn.txt,end,PA2462,2680,2431,2431
GCA_031824655_1.blastn.txt,end,PA2462,2195,2444,2444
GCA_031824655_1.blastn.txt,end,PA2462,2694,2445,2445
GCA_031824655_1.blastn.txt,beg,PA2462,2446,2694,2446
GCA_001449725_1.blastn.txt,end,PA2462,2214,2462,2462
GCA_034810865_1.blastn.txt,end,PA2462,2258,2497,2497
GCA_963429955_1.blastn.txt,beg,PA2462,2511,2759,2511
GCA_001453615_1.blastn.txt,beg,PA2462,2514,2265,2514
GCA_029605155_1.blastn.txt,beg,PA2462,2529,2202,2529
GCA_040064175_1.blastn.txt,beg,PA2462,2529,2202,2529
GCA_034810865_1.blastn.txt,beg,PA2462,2530,2979,2530
GCA_013620125_1.blastn.txt,beg,PA2462,2539,2788,2539
GCA_025123755_1.blastn.txt,end,PA2462,2924,2560,2560
GCA_025123755_1.blastn.txt,beg,PA2462,2636,2387,2636
GCA_038594085_1.blastn.txt,beg,PA2462,2636,2387,2636
GCA_029605155_1.blastn.txt,beg,PA2462,2666,2915,2666
GCA_040064175_1.blastn.txt,beg,PA2462,2666,2915,2666
GCA_025123755_1.blastn.txt,beg,PA2462,2899,3137,2899
GCA_025123755_1.blastn.txt,beg,PA2462,2924,2560,2924
GCA_038594085_1.blastn.txt,end,PA2462,3184,2935,2935
GCA_038594085_1.blastn.txt,beg,PA2462,2955,2706,2955
GCA_034810865_1.blastn.txt,end,PA2462,2530,2979,2979
GCA_963452735_1.blastn.txt,beg,PA2462,2980,2731,2980
GCA_031824655_1.blastn.txt,end,PA2462,2731,2980,2980
GCA_963437285_1.blastn.txt,end,PA2462,2745,2993,2993
GCA_963449685_1.blastn.txt,end,PA2462,2810,3059,3059
GCA_963444105_1.blastn.txt,beg,PA2462,3060,2811,3060
GCA_031824055_1.blastn.txt,end,PA2462,2811,3060,3060
GCA_963443145_1.blastn.txt,end,PA2462,2811,3060,3060
GCA_963450005_1.blastn.txt,end,PA2462,2811,3060,3060
GCA_963451295_1.blastn.txt,end,PA2462,2811,3060,3060
GCA_015765385_1.blastn.txt,end,PA2462,2914,3061,3061
GCA_025123755_1.blastn.txt,end,PA2462,2899,3137,3137
GCA_013620125_1.blastn.txt,end,PA2462,2909,3158,3158
GCA_013115485_1.blastn.txt,end,PA2462,2914,3162,3162
GCA_963433735_1.blastn.txt,beg,PA2462,3165,2917,3165
GCA_029605155_1.blastn.txt,end,PA2462,2917,3165,3165
GCA_040064175_1.blastn.txt,end,PA2462,2917,3165,3165
GCA_963429955_1.blastn.txt,end,PA2462,2917,3166,3166
GCA_021681715_1.blastn.txt,end,PA2462,2927,3176,3176
GCA_031824055_1.blastn.txt,beg,PA2462,3213,3462,3213
GCA_031824055_1.blastn.txt,end,PA2462,3462,3214,3214
GCA_038594085_1.blastn.txt,end,PA2462,3618,3432,3432
GCA_029605155_1.blastn.txt,beg,PA2462,3447,3774,3447
GCA_040064175_1.blastn.txt,beg,PA2462,3447,3774,3447
GCA_963444105_1.blastn.txt,beg,PA2462,3447,3696,3447
GCA_963450005_1.blastn.txt,beg,PA2462,3447,3696,3447
GCA_963437285_1.blastn.txt,beg,PA2462,3454,3702,3454
GCA_963433735_1.blastn.txt,beg,PA2462,3470,3719,3470
GCA_963443145_1.blastn.txt,end,PA2462,3719,3470,3470
GCA_001449725_1.blastn.txt,beg,PA2462,3532,3781,3532
GCA_021681715_1.blastn.txt,beg,PA2462,3591,3840,3591
GCA_963451295_1.blastn.txt,beg,PA2462,3689,3938,3689
GCA_963451295_1.blastn.txt,beg,PA2462,3691,3938,3691
GCA_963429955_1.blastn.txt,beg,PA2462,3755,4004,3755
GCA_029605155_1.blastn.txt,end,PA2462,3447,3774,3774
GCA_040064175_1.blastn.txt,end,PA2462,3447,3774,3774
GCA_034810865_1.blastn.txt,beg,PA2462,3775,4024,3775
GCA_013115485_1.blastn.txt,beg,PA2462,3783,4032,3783
GCA_013620125_1.blastn.txt,beg,PA2462,3784,4033,3784
GCA_025123755_1.blastn.txt,end,PA2462,4054,3805,3805
GCA_036315885_1.blastn.txt,beg,PA2462,3832,4080,3832
GCA_013620125_1.blastn.txt,end,PA2462,3632,3881,3881
GCA_029605155_1.blastn.txt,beg,PA2462,3911,4160,3911
GCA_040064175_1.blastn.txt,end,PA2462,4160,3911,3911
GCA_036664635_1.blastn.txt,end,PA2462,7995,7746,7746
GCA_031824655_1.blastn.txt,beg,PA2462,7791,7542,7791
GCA_040064175_1.blastn.txt,beg,PA2462,7791,7542,7791
GCA_963452735_1.blastn.txt,beg,PA2462,7791,7542,7791
GCA_029605155_1.blastn.txt,end,PA2462,7542,7791,7791
GCA_036315885_1.blastn.txt,end,PA2462,7542,7791,7791
GCA_963433075_1.blastn.txt,end,PA2462,7542,7791,7791
GCA_013620125_1.blastn.txt,beg,PA2462,7792,8041,7792
GCA_019781145_1.blastn.txt,beg,PA2462,7792,8041,7792
GCA_029605155_1.blastn.txt,beg,PA2462,7792,8041,7792
GCA_031824655_1.blastn.txt,beg,PA2462,7792,8192,7792
GCA_035727575_1.blastn.txt,beg,PA2462,7792,8041,7792
GCA_036315885_1.blastn.txt,beg,PA2462,7792,8041,7792
GCA_039570865_1.blastn.txt,beg,PA2462,7792,8041,7792
GCA_963433075_1.blastn.txt,beg,PA2462,7792,8041,7792
GCA_963452735_1.blastn.txt,beg,PA2462,7792,8041,7792
GCA_003935835_1.blastn.txt,end,PA2462,8041,7792,7792
GCA_013115485_1.blastn.txt,end,PA2462,8041,7792,7792
GCA_018423545_1.blastn.txt,end,PA2462,8041,7792,7792
GCA_025123755_1.blastn.txt,end,PA2462,8041,7792,7792
GCA_025235705_1.blastn.txt,end,PA2462,8041,7792,7792
GCA_038594085_1.blastn.txt,end,PA2462,8041,7792,7792
GCA_040064175_1.blastn.txt,end,PA2462,8041,7792,7792
GCA_963454075_1.blastn.txt,end,PA2462,7544,7793,7793
GCA_963444105_1.blastn.txt,end,PA2462,7550,7797,7797
GCA_963450005_1.blastn.txt,end,PA2462,7550,7797,7797
GCA_963451295_1.blastn.txt,end,PA2462,7550,7797,7797
GCA_963443145_1.blastn.txt,beg,PA2462,7798,7550,7798
GCA_963433735_1.blastn.txt,end,PA2462,7550,7798,7798
GCA_019166725_1.blastn.txt,beg,PA2462,7800,8049,7800
GCA_019167725_1.blastn.txt,beg,PA2462,7800,8049,7800
GCA_023933665_1.blastn.txt,beg,PA2462,7800,8049,7800
GCA_963450005_1.blastn.txt,beg,PA2462,7800,8049,7800
GCA_963444105_1.blastn.txt,end,PA2462,8049,7800,7800
GCA_038594085_1.blastn.txt,beg,PA2462,7812,7563,7812
GCA_031824055_1.blastn.txt,beg,PA2462,7827,7578,7827
GCA_022341105_1.blastn.txt,beg,PA2462,7828,8077,7828
GCA_000950725_1.blastn.txt,end,PA2462,8077,7828,7828
GCA_015736465_1.blastn.txt,end,PA2462,8077,7828,7828
GCA_025104815_1.blastn.txt,end,PA2462,8077,7828,7828
GCA_031824055_1.blastn.txt,end,PA2462,8077,7828,7828
GCA_037001005_1.blastn.txt,beg,PA2462,7846,7597,7846
GCA_001449725_1.blastn.txt,beg,PA2462,7850,8099,7850
GCA_023933665_1.blastn.txt,beg,PA2462,7854,7605,7854
GCA_963449685_1.blastn.txt,end,PA2462,7605,7854,7854
GCA_963449685_1.blastn.txt,end,PA2462,8104,7855,7855
GCA_023909265_1.blastn.txt,end,PA2462,7613,7862,7862
GCA_036664635_1.blastn.txt,end,PA2462,7615,7864,7864
GCA_003935835_1.blastn.txt,beg,PA2462,7868,7619,7868
GCA_020406475_1.blastn.txt,beg,PA2462,7868,7619,7868
GCA_025123755_1.blastn.txt,beg,PA2462,7868,7619,7868
GCA_025235705_1.blastn.txt,beg,PA2462,7868,7619,7868
GCA_031847695_1.blastn.txt,beg,PA2462,7868,7619,7868
GCA_036236935_1.blastn.txt,beg,PA2462,7868,7619,7868
GCA_019167725_1.blastn.txt,beg,PA2462,7876,7627,7876
GCA_019166725_1.blastn.txt,end,PA2462,7627,7876,7876
GCA_015765385_1.blastn.txt,end,PA2462,8127,7878,7878
GCA_031849395_1.blastn.txt,beg,PA2462,7886,7637,7886
GCA_013620125_1.blastn.txt,end,PA2462,7640,7889,7889
GCA_013115485_1.blastn.txt,end,PA2462,7641,7890,7890
GCA_030540985_1.blastn.txt,beg,PA2462,7902,8151,7902
GCA_039570865_1.blastn.txt,beg,PA2462,7902,7653,7902
GCA_020406475_1.blastn.txt,end,PA2462,8151,7902,7902
GCA_025104815_1.blastn.txt,beg,PA2462,7904,7655,7904
GCA_000950725_1.blastn.txt,end,PA2462,7659,7908,7908
GCA_963437285_1.blastn.txt,end,PA2462,7695,7912,7912
GCA_963437285_1.blastn.txt,end,PA2462,7664,7913,7913
GCA_018423545_1.blastn.txt,end,PA2462,7669,7918,7918
GCA_019781145_1.blastn.txt,end,PA2462,7669,7918,7918
GCA_035727575_1.blastn.txt,end,PA2462,7669,7918,7918
GCA_022341105_1.blastn.txt,beg,PA2462,7954,7705,7954
GCA_015736465_1.blastn.txt,end,PA2462,7705,7954,7954
GCA_963429955_1.blastn.txt,end,PA2462,7722,7971,7971
GCA_030540985_1.blastn.txt,end,PA2462,7729,7978,7978
GCA_004350385_1.blastn.txt,end,PA2462,7746,7995,7995
GCA_015765385_1.blastn.txt,beg,PA2462,8004,7755,8004
GCA_004372495_1.blastn.txt,beg,PA2462,8005,7756,8005
GCA_036599025_1.blastn.txt,end,PA2462,7763,8012,8012
GCA_016338985_1.blastn.txt,end,PA2462,7775,8024,8024
GCA_963433775_1.blastn.txt,beg,PA2462,8069,7820,8069
GCA_963428675_1.blastn.txt,end,PA2462,7820,8069,8069
GCA_963433735_1.blastn.txt,beg,PA2462,8071,8318,8071
GCA_001449725_1.blastn.txt,end,PA2462,7839,8088,8088
GCA_021680435_1.blastn.txt,end,PA2462,7869,8118,8118
GCA_021680435_1.blastn.txt,end,PA2462,7869,8118,8118
GCA_026913035_1.blastn.txt,end,PA2462,7898,8147,8147
GCA_036599025_1.blastn.txt,beg,PA2462,8166,8415,8166
GCA_031824655_1.blastn.txt,end,PA2462,7792,8192,8192
GCA_034810865_1.blastn.txt,end,PA2462,7987,8236,8236
GCA_021681715_1.blastn.txt,end,PA2462,8142,8391,8391
GCA_003974905_1.blastn.txt,end,PA2462,8695,8446,8446
GCA_021680435_1.blastn.txt,beg,PA2462,8509,8758,8509
GCA_036236935_1.blastn.txt,beg,PA2462,8509,8758,8509
GCA_002189115_1.blastn.txt,end,PA2462,8758,8509,8509
GCA_034810865_1.blastn.txt,end,PA2462,8275,8524,8524
GCA_020406475_1.blastn.txt,beg,PA2462,8620,8842,8620
GCA_031849395_1.blastn.txt,beg,PA2462,8643,8892,8643
GCA_963449685_1.blastn.txt,beg,PA2462,8647,8398,8647
GCA_963449685_1.blastn.txt,beg,PA2462,8649,8898,8649
GCA_020406475_1.blastn.txt,beg,PA2462,8696,8447,8696
GCA_031824655_1.blastn.txt,end,PA2462,9084,8697,8697
GCA_031824655_1.blastn.txt,end,PA2462,9083,8698,8698
GCA_023933665_1.blastn.txt,end,PA2462,9023,8739,8739
GCA_003974905_1.blastn.txt,beg,PA2462,8743,8494,8743
GCA_003974905_1.blastn.txt,end,PA2462,8494,8743,8743
GCA_036599025_1.blastn.txt,beg,PA2462,8766,9015,8766
GCA_013620125_1.blastn.txt,beg,PA2462,8773,9086,8773
GCA_028937265_3.blastn.txt,beg,PA2462,8796,9045,8796
GCA_020406475_1.blastn.txt,end,PA2462,8620,8842,8842
GCA_963433735_1.blastn.txt,end,PA2462,8594,8843,8843
GCA_036599025_1.blastn.txt,end,PA2462,8627,8876,8876
GCA_036599025_1.blastn.txt,end,PA2462,8627,8876,8876
GCA_963428675_1.blastn.txt,beg,PA2462,8889,9138,8889
GCA_963433775_1.blastn.txt,end,PA2462,9138,8889,8889
GCA_963433075_1.blastn.txt,end,PA2462,9153,8905,8905
GCA_023933665_1.blastn.txt,beg,PA2462,9023,8739,9023
GCA_029423715_3.blastn.txt,end,PA2462,8775,9023,9023
GCA_016009715_1.blastn.txt,beg,PA2462,9043,9292,9043
GCA_021681715_1.blastn.txt,end,PA2462,8816,9065,9065
GCA_031847695_1.blastn.txt,beg,PA2462,9067,8818,9067
GCA_028937265_3.blastn.txt,beg,PA2462,9076,9325,9076
GCA_031824655_1.blastn.txt,beg,PA2462,9083,8698,9083
GCA_031824655_1.blastn.txt,beg,PA2462,9084,8697,9084
GCA_031824655_1.blastn.txt,end,PA2462,9334,9085,9085
GCA_013620125_1.blastn.txt,end,PA2462,8773,9086,9086
GCA_016009715_1.blastn.txt,end,PA2462,8920,9169,9169
GCA_003974905_1.blastn.txt,end,PA2462,8972,9221,9221
GCA_034810865_1.blastn.txt,beg,PA2462,9251,9002,9251
GCA_029423715_3.blastn.txt,beg,PA2462,9304,9553,9304
GCA_963451295_1.blastn.txt,end,PA2462,9568,9319,9319
GCA_963452735_1.blastn.txt,end,PA2462,9568,9319,9319
GCA_963449685_1.blastn.txt,end,PA2462,9124,9373,9373
GCA_963449685_1.blastn.txt,end,PA2462,9624,9375,9375
GCA_963433075_1.blastn.txt,beg,PA2462,9435,9186,9435
GCA_034810865_1.blastn.txt,beg,PA2462,9457,9706,9457
GCA_016009715_1.blastn.txt,end,PA2462,9738,9489,9489
GCA_016009715_1.blastn.txt,end,PA2462,9738,9489,9489
GCA_021680435_1.blastn.txt,end,PA2462,9271,9520,9520
GCA_037001005_1.blastn.txt,end,PA2462,9807,9539,9539
GCA_020406475_1.blastn.txt,end,PA2462,9829,9602,9602
GCA_016009715_1.blastn.txt,end,PA2462,9366,9615,9615
GCA_020406475_1.blastn.txt,beg,PA2462,9753,10002,9753
GCA_037001005_1.blastn.txt,beg,PA2462,9807,9539,9807
GCA_020406475_1.blastn.txt,beg,PA2462,9829,9580,9829
GCA_020406475_1.blastn.txt,beg,PA2462,9829,9602,9829
GCA_963451295_1.blastn.txt,beg,PA2462,9938,9689,9938
GCA_963449685_1.blastn.txt,beg,PA2462,9962,9713,9962
GCA_021680435_1.blastn.txt,beg,PA2462,10015,10264,10015
GCA_963452735_1.blastn.txt,end,PA2462,10313,10064,10064
GCA_037001005_1.blastn.txt,beg,PA2462,10136,10363,10136
GCA_016009715_1.blastn.txt,beg,PA2462,10204,10453,10204
GCA_963433775_1.blastn.txt,beg,PA2462,10241,9992,10241
GCA_963428675_1.blastn.txt,end,PA2462,9992,10241,10241
GCA_963450005_1.blastn.txt,end,PA2462,9992,10241,10241
GCA_028937265_3.blastn.txt,end,PA2462,10024,10272,10272
GCA_028937265_3.blastn.txt,end,PA2462,10024,10273,10273
GCA_028937265_3.blastn.txt,beg,PA2462,10296,10730,10296
GCA_002189115_1.blastn.txt,beg,PA2462,10307,10058,10307
GCA_963449685_1.blastn.txt,beg,PA2462,10309,10558,10309
GCA_036236935_1.blastn.txt,beg,PA2462,10319,10643,10319
GCA_036236935_1.blastn.txt,beg,PA2462,10319,10659,10319
GCA_018423545_1.blastn.txt,end,PA2462,10588,10326,10326
GCA_020406475_1.blastn.txt,beg,PA2462,10363,10612,10363
GCA_037001005_1.blastn.txt,end,PA2462,10136,10363,10363
GCA_039570865_1.blastn.txt,beg,PA2462,10470,10719,10470
GCA_039570865_1.blastn.txt,end,PA2462,10719,10470,10470
GCA_031824655_1.blastn.txt,beg,PA2462,10535,10286,10535
GCA_036664635_1.blastn.txt,beg,PA2462,10535,10286,10535
GCA_031824655_1.blastn.txt,beg,PA2462,10536,10865,10536
GCA_040064175_1.blastn.txt,beg,PA2462,10565,10316,10565
GCA_029605155_1.blastn.txt,end,PA2462,10316,10565,10565
GCA_029605155_1.blastn.txt,beg,PA2462,10566,10883,10566
GCA_040064175_1.blastn.txt,end,PA2462,10883,10566,10566
GCA_029605155_1.blastn.txt,beg,PA2462,10567,10884,10567
GCA_036236935_1.blastn.txt,end,PA2462,10816,10567,10567
GCA_040064175_1.blastn.txt,end,PA2462,10884,10567,10567
GCA_039570865_1.blastn.txt,end,PA2462,10331,10580,10580
GCA_018423545_1.blastn.txt,beg,PA2462,10588,10326,10588
GCA_036236935_1.blastn.txt,end,PA2462,10319,10643,10643
GCA_036236935_1.blastn.txt,end,PA2462,10319,10659,10659
GCA_002189115_1.blastn.txt,beg,PA2462,10687,10438,10687
GCA_004350385_1.blastn.txt,end,PA2462,10946,10697,10697
GCA_031847695_1.blastn.txt,end,PA2462,10946,10697,10697
GCA_028937265_3.blastn.txt,end,PA2462,10296,10730,10730
GCA_021681715_1.blastn.txt,beg,PA2462,10749,10998,10749
GCA_028937265_3.blastn.txt,end,PA2462,11002,10753,10753
GCA_037001005_1.blastn.txt,end,PA2462,11014,10765,10765
GCA_031849395_1.blastn.txt,beg,PA2462,10788,11037,10788
GCA_031824655_1.blastn.txt,end,PA2462,10536,10865,10865
GCA_031824655_1.blastn.txt,beg,PA2462,10867,11116,10867
GCA_003974685_1.blastn.txt,end,PA2462,11117,10868,10868
GCA_963452735_1.blastn.txt,beg,PA2462,10882,10633,10882
GCA_040064175_1.blastn.txt,beg,PA2462,10883,10566,10883
GCA_029605155_1.blastn.txt,end,PA2462,10566,10883,10883
GCA_040064175_1.blastn.txt,beg,PA2462,10884,10567,10884
GCA_029605155_1.blastn.txt,end,PA2462,10567,10884,10884
GCA_029605155_1.blastn.txt,beg,PA2462,10885,11132,10885
GCA_002189115_1.blastn.txt,beg,PA2462,10889,11383,10889
GCA_031488955_2.blastn.txt,end,PA2462,10675,10924,10924
GCA_001453615_1.blastn.txt,end,PA2462,11206,10957,10957
GCA_022341105_1.blastn.txt,beg,PA2462,11015,11261,11015
GCA_022341105_1.blastn.txt,end,PA2462,11491,11015,11015
GCA_000950725_1.blastn.txt,beg,PA2462,11052,11301,11052
GCA_020406475_1.blastn.txt,beg,PA2462,11120,11381,11120
GCA_029605155_1.blastn.txt,end,PA2462,10885,11132,11132
GCA_035727575_1.blastn.txt,end,PA2462,10883,11132,11132
GCA_029605155_1.blastn.txt,end,PA2462,11363,11133,11133
GCA_022341105_1.blastn.txt,end,PA2462,10892,11141,11141
GCA_034810865_1.blastn.txt,beg,PA2462,11158,11415,11158
GCA_015736465_1.blastn.txt,end,PA2462,11513,11310,11310
GCA_015736465_1.blastn.txt,end,PA2462,11516,11310,11310
GCA_020406475_1.blastn.txt,end,PA2462,11587,11338,11338
GCA_025123755_1.blastn.txt,beg,PA2462,11360,11511,11360
GCA_025123755_1.blastn.txt,beg,PA2462,11360,11513,11360
GCA_029605155_1.blastn.txt,beg,PA2462,11363,11133,11363
GCA_020406475_1.blastn.txt,end,PA2462,11120,11381,11381
GCA_002189115_1.blastn.txt,end,PA2462,10889,11383,11383
GCA_015765385_1.blastn.txt,beg,PA2462,11387,11513,11387
GCA_036664635_1.blastn.txt,beg,PA2462,11387,11513,11387
GCA_036664635_1.blastn.txt,beg,PA2462,11387,11525,11387
GCA_019781145_1.blastn.txt,end,PA2462,11513,11387,11387
GCA_035727575_1.blastn.txt,end,PA2462,11513,11387,11387
GCA_002189115_1.blastn.txt,end,PA2462,11513,11391,11391
GCA_036599025_1.blastn.txt,beg,PA2462,11403,11513,11403
GCA_036599025_1.blastn.txt,beg,PA2462,11403,11525,11403
GCA_021681715_1.blastn.txt,end,PA2462,11525,11410,11410
GCA_963433075_1.blastn.txt,end,PA2462,11513,11410,11410
GCA_963433735_1.blastn.txt,end,PA2462,11513,11410,11410
GCA_034810865_1.blastn.txt,end,PA2462,11158,11415,11415
GCA_013620125_1.blastn.txt,beg,PA2462,11421,11513,11421
GCA_013620125_1.blastn.txt,beg,PA2462,11421,11513,11421
GCA_025235705_1.blastn.txt,beg,PA2462,11435,11511,11435
GCA_025235705_1.blastn.txt,beg,PA2462,11435,11513,11435
GCA_036236935_1.blastn.txt,end,PA2462,11511,11435,11435
GCA_036236935_1.blastn.txt,end,PA2462,11513,11435,11435
GCA_003935835_1.blastn.txt,beg,PA2462,11437,11513,11437
GCA_019166725_1.blastn.txt,beg,PA2462,11437,11513,11437
GCA_019167725_1.blastn.txt,beg,PA2462,11437,11513,11437
GCA_030540985_1.blastn.txt,beg,PA2462,11437,11513,11437
GCA_031849395_1.blastn.txt,beg,PA2462,11437,11686,11437
GCA_013115485_1.blastn.txt,end,PA2462,11513,11437,11437
GCA_026913035_1.blastn.txt,end,PA2462,11513,11437,11437
GCA_031847695_1.blastn.txt,end,PA2462,11513,11437,11437
GCA_034810865_1.blastn.txt,beg,PA2462,11438,11513,11438
GCA_034810865_1.blastn.txt,end,PA2462,11513,11438,11438
GCA_963451295_1.blastn.txt,end,PA2462,11513,11438,11438
GCA_025104815_1.blastn.txt,end,PA2462,11525,11440,11440
GCA_023909265_1.blastn.txt,end,PA2462,11511,11441,11441
GCA_023909265_1.blastn.txt,end,PA2462,11513,11441,11441
GCA_016338985_1.blastn.txt,end,PA2462,11513,11458,11458
GCA_023933665_1.blastn.txt,beg,PA2462,11459,11513,11459
GCA_023933665_1.blastn.txt,end,PA2462,11708,11459,11459
GCA_037001005_1.blastn.txt,end,PA2462,11513,11459,11459
GCA_037001005_1.blastn.txt,end,PA2462,11525,11459,11459
GCA_963429955_1.blastn.txt,end,PA2462,11513,11460,11460
GCA_963429955_1.blastn.txt,beg,PA2462,11461,11525,11461
GCA_021680435_1.blastn.txt,end,PA2462,11710,11461,11461
GCA_022341105_1.blastn.txt,beg,PA2462,11491,11015,11491
GCA_038594085_1.blastn.txt,beg,PA2462,11493,11742,11493
GCA_004350385_1.blastn.txt,beg,PA2462,11502,11283,11502
GCA_019781145_1.blastn.txt,end,PA2462,11264,11513,11513
GCA_016337725_1.blastn.txt,beg,PA2462,11514,11763,11514
GCA_029605155_1.blastn.txt,beg,PA2462,11514,11763,11514
GCA_031824055_1.blastn.txt,beg,PA2462,11514,11763,11514
GCA_040064175_1.blastn.txt,beg,PA2462,11514,11763,11514
GCA_963443145_1.blastn.txt,beg,PA2462,11514,11763,11514
GCA_963449685_1.blastn.txt,beg,PA2462,11514,11763,11514
GCA_963437285_1.blastn.txt,end,PA2462,11763,11514,11514
GCA_038594085_1.blastn.txt,beg,PA2462,14640,14878,14640
GCA_038594085_1.blastn.txt,beg,PA2462,14640,14878,14640
GCA_040064175_1.blastn.txt,beg,PA2462,14650,14899,14650
GCA_040064175_1.blastn.txt,end,PA2462,14899,14651,14651
GCA_036599025_1.blastn.txt,beg,PA2462,14664,14913,14664
GCA_036599025_1.blastn.txt,end,PA2462,14913,14664,14664
GCA_031824055_1.blastn.txt,beg,PA2462,14671,14919,14671
GCA_001449725_1.blastn.txt,beg,PA2462,14683,14954,14683
GCA_963451295_1.blastn.txt,end,PA2462,14442,14690,14690
GCA_001449725_1.blastn.txt,beg,PA2462,14716,14965,14716
GCA_001449725_1.blastn.txt,end,PA2462,14954,14716,14716
GCA_029605155_1.blastn.txt,beg,PA2462,14775,15024,14775
GCA_019166725_1.blastn.txt,end,PA2462,15025,14776,14776
GCA_029605155_1.blastn.txt,end,PA2462,15024,14776,14776
GCA_963451295_1.blastn.txt,beg,PA2462,14797,15026,14797
GCA_963451295_1.blastn.txt,end,PA2462,15046,14798,14798
GCA_015765385_1.blastn.txt,end,PA2462,14560,14809,14809
GCA_019166725_1.blastn.txt,end,PA2462,14603,14852,14852
GCA_015765385_1.blastn.txt,beg,PA2462,14858,15107,14858
GCA_001449725_1.blastn.txt,end,PA2462,14672,14921,14921
GCA_001449725_1.blastn.txt,end,PA2462,14672,14921,14921
GCA_001449725_1.blastn.txt,end,PA2462,14683,14954,14954
GCA_019167725_1.blastn.txt,end,PA2462,14705,14954,14954
GCA_019167725_1.blastn.txt,end,PA2462,14705,14954,14954
GCA_963443145_1.blastn.txt,end,PA2462,14720,14968,14968
GCA_963443145_1.blastn.txt,end,PA2462,14720,14969,14969
GCA_963433735_1.blastn.txt,beg,PA2462,15897,15669,15897
GCA_963443145_1.blastn.txt,beg,PA2462,15897,15669,15897
GCA_003974685_1.blastn.txt,end,PA2462,16146,15897,15897
GCA_963429955_1.blastn.txt,end,PA2462,15693,15942,15942
GCA_963444105_1.blastn.txt,end,PA2462,15693,15942,15942
GCA_963450005_1.blastn.txt,end,PA2462,15693,15942,15942
GCA_013115485_1.blastn.txt,beg,PA2462,15943,16192,15943
GCA_963451295_1.blastn.txt,beg,PA2462,15944,15695,15944
GCA_023933665_1.blastn.txt,end,PA2462,16192,15945,15945
GCA_003935835_1.blastn.txt,beg,PA2462,15966,15855,15966
GCA_015736465_1.blastn.txt,beg,PA2462,16016,15847,16016
GCA_013115485_1.blastn.txt,beg,PA2462,16041,15792,16041
GCA_963454075_1.blastn.txt,end,PA2462,15847,16094,16094
GCA_963454075_1.blastn.txt,end,PA2462,15846,16095,16095
GCA_013620125_1.blastn.txt,beg,PA2462,16096,16431,16096
GCA_038594085_1.blastn.txt,end,PA2462,15887,16136,16136
GCA_039570865_1.blastn.txt,end,PA2462,16404,16154,16154
GCA_003974685_1.blastn.txt,beg,PA2462,16189,15940,16189
GCA_031824055_1.blastn.txt,end,PA2462,16484,16191,16191
GCA_013620125_1.blastn.txt,end,PA2462,15943,16193,16193
GCA_013620125_1.blastn.txt,end,PA2462,15944,16193,16193
GCA_003974685_1.blastn.txt,end,PA2462,16451,16202,16202
GCA_963451295_1.blastn.txt,beg,PA2462,16215,16283,16215
GCA_003974685_1.blastn.txt,end,PA2462,16472,16223,16223
GCA_039570865_1.blastn.txt,beg,PA2462,16237,16153,16237
GCA_003935835_1.blastn.txt,beg,PA2462,16252,16153,16252
GCA_015765385_1.blastn.txt,beg,PA2462,16256,16505,16256
GCA_963429955_1.blastn.txt,beg,PA2462,16265,16017,16265
GCA_039570865_1.blastn.txt,beg,PA2462,16294,16543,16294
GCA_013620125_1.blastn.txt,beg,PA2462,16334,16520,16334
GCA_013620125_1.blastn.txt,beg,PA2462,16334,16583,16334
GCA_963452735_1.blastn.txt,beg,PA2462,16346,16153,16346
GCA_963452735_1.blastn.txt,beg,PA2462,16347,16098,16347
GCA_003974685_1.blastn.txt,beg,PA2462,16359,16153,16359
GCA_003935835_1.blastn.txt,beg,PA2462,16365,16153,16365
GCA_003935835_1.blastn.txt,end,PA2462,16116,16365,16365
GCA_015765385_1.blastn.txt,end,PA2462,16153,16382,16382
GCA_039570865_1.blastn.txt,beg,PA2462,16404,16154,16404
GCA_039570865_1.blastn.txt,beg,PA2462,16404,16155,16404
GCA_003935835_1.blastn.txt,end,PA2462,16530,16406,16406
GCA_013115485_1.blastn.txt,beg,PA2462,16408,16520,16408
GCA_003935835_1.blastn.txt,end,PA2462,16520,16408,16408
GCA_013115485_1.blastn.txt,end,PA2462,16520,16408,16408
GCA_018423545_1.blastn.txt,beg,PA2462,16410,16530,16410
GCA_963451295_1.blastn.txt,end,PA2462,16520,16411,16411
GCA_015765385_1.blastn.txt,beg,PA2462,16415,16527,16415
GCA_018423545_1.blastn.txt,end,PA2462,16169,16418,16418
GCA_015765385_1.blastn.txt,end,PA2462,16171,16420,16420
GCA_003935835_1.blastn.txt,beg,PA2462,16423,16520,16423
GCA_003935835_1.blastn.txt,beg,PA2462,16423,16520,16423
GCA_003935835_1.blastn.txt,end,PA2462,16519,16423,16423
GCA_003935835_1.blastn.txt,end,PA2462,16520,16423,16423
GCA_037001005_1.blastn.txt,end,PA2462,16527,16427,16427
GCA_013620125_1.blastn.txt,end,PA2462,16096,16431,16431
GCA_963454075_1.blastn.txt,beg,PA2462,16432,16520,16432
GCA_963454075_1.blastn.txt,end,PA2462,16681,16433,16433
GCA_015736465_1.blastn.txt,beg,PA2462,16442,16520,16442
GCA_013115485_1.blastn.txt,beg,PA2462,16446,16201,16446
GCA_013115485_1.blastn.txt,end,PA2462,16197,16446,16446
GCA_003974685_1.blastn.txt,beg,PA2462,16450,16201,16450
GCA_004350385_1.blastn.txt,beg,PA2462,16457,16226,16457
GCA_021681715_1.blastn.txt,end,PA2462,16708,16459,16459
GCA_031824055_1.blastn.txt,beg,PA2462,16484,16191,16484
GCA_963433735_1.blastn.txt,end,PA2462,16734,16485,16485
GCA_963443145_1.blastn.txt,end,PA2462,16734,16485,16485
GCA_023933665_1.blastn.txt,beg,PA2462,16499,16250,16499
GCA_963429955_1.blastn.txt,beg,PA2462,16521,16770,16521
GCA_963444575_1.blastn.txt,beg,PA3186,80,1,80
GCA_963449685_1.blastn.txt,end,PA3186,1,80,80
GCA_023074245_1.blastn.txt,beg,PA3186,81,330,81
GCA_963454075_1.blastn.txt,end,PA3186,1,86,86
GCA_003935835_1.blastn.txt,beg,PA3186,87,336,87
GCA_023909265_1.blastn.txt,beg,PA3186,87,336,87
GCA_036664635_1.blastn.txt,beg,PA3186,106,355,106
GCA_021680435_1.blastn.txt,beg,PA3186,107,1,107
GCA_963432815_1.blastn.txt,beg,PA3186,108,1,108
GCA_963438465_1.blastn.txt,beg,PA3186,108,1,108
GCA_963454465_1.blastn.txt,beg,PA3186,108,1,108
GCA_031824655_1.blastn.txt,end,PA3186,1,108,108
GCA_036315885_1.blastn.txt,end,PA3186,1,108,108
GCA_963443145_1.blastn.txt,end,PA3186,1,108,108
GCA_963444105_1.blastn.txt,end,PA3186,1,108,108
GCA_963451295_1.blastn.txt,end,PA3186,1,108,108
GCA_963452735_1.blastn.txt,end,PA3186,1,108,108
GCA_013620125_1.blastn.txt,beg,PA3186,109,358,109
GCA_019167725_1.blastn.txt,beg,PA3186,109,358,109
GCA_023933665_1.blastn.txt,beg,PA3186,109,358,109
GCA_025104005_1.blastn.txt,beg,PA3186,109,358,109
GCA_025106445_1.blastn.txt,beg,PA3186,109,358,109
GCA_031824655_1.blastn.txt,beg,PA3186,109,358,109
GCA_035727575_1.blastn.txt,beg,PA3186,109,358,109
GCA_036236935_1.blastn.txt,beg,PA3186,109,358,109
GCA_000950725_1.blastn.txt,end,PA3186,358,109,109
GCA_001037195_1.blastn.txt,end,PA3186,358,109,109
GCA_002189115_1.blastn.txt,end,PA3186,358,109,109
GCA_015737885_1.blastn.txt,end,PA3186,358,109,109
GCA_015765385_1.blastn.txt,end,PA3186,358,109,109
GCA_019166725_1.blastn.txt,end,PA3186,358,109,109
GCA_025123615_1.blastn.txt,end,PA3186,358,109,109
GCA_025235705_1.blastn.txt,end,PA3186,358,109,109
GCA_036315885_1.blastn.txt,end,PA3186,358,109,109
GCA_036599025_1.blastn.txt,end,PA3186,358,109,109
GCA_039570865_1.blastn.txt,end,PA3186,358,109,109
GCA_028568275_1.blastn.txt,end,PA3186,412,116,116
GCA_001037195_1.blastn.txt,end,PA3186,1,128,128
GCA_021680435_1.blastn.txt,end,PA3186,379,130,130
GCA_021681715_1.blastn.txt,beg,PA3186,139,1,139
GCA_003974685_1.blastn.txt,beg,PA3186,152,401,152
GCA_003935835_1.blastn.txt,beg,PA3186,163,1,163
GCA_023933665_1.blastn.txt,beg,PA3186,163,1,163
GCA_028435405_1.blastn.txt,beg,PA3186,171,425,171
GCA_019166725_1.blastn.txt,beg,PA3186,185,1,185
GCA_025104815_1.blastn.txt,beg,PA3186,185,1,185
GCA_025123615_1.blastn.txt,beg,PA3186,185,1,185
GCA_025235705_1.blastn.txt,beg,PA3186,185,1,185
GCA_026913035_1.blastn.txt,beg,PA3186,185,1,185
GCA_036236935_1.blastn.txt,beg,PA3186,185,81,185
GCA_019167725_1.blastn.txt,end,PA3186,1,185,185
GCA_025106445_1.blastn.txt,end,PA3186,1,185,185
GCA_025235705_1.blastn.txt,end,PA3186,81,185,185
GCA_036236935_1.blastn.txt,end,PA3186,1,185,185
GCA_031849395_1.blastn.txt,end,PA3186,1,186,186
GCA_023074245_1.blastn.txt,beg,PA3186,191,1,191
GCA_023074245_1.blastn.txt,beg,PA3186,191,81,191
GCA_013620125_1.blastn.txt,end,PA3186,1,206,206
GCA_039568845_1.blastn.txt,end,PA3186,1,218,218
GCA_039570865_1.blastn.txt,beg,PA3186,219,1,219
GCA_036599025_1.blastn.txt,end,PA3186,1,219,219
GCA_016009715_1.blastn.txt,beg,PA3186,226,81,226
GCA_002189115_1.blastn.txt,end,PA3186,1,229,229
GCA_002189115_1.blastn.txt,end,PA3186,81,229,229
GCA_028568275_1.blastn.txt,beg,PA3186,235,1,235
GCA_015737885_1.blastn.txt,end,PA3186,1,235,235
GCA_015737885_1.blastn.txt,end,PA3186,81,235,235
GCA_015765385_1.blastn.txt,end,PA3186,1,235,235
GCA_015765385_1.blastn.txt,end,PA3186,81,235,235
GCA_025104005_1.blastn.txt,end,PA3186,1,235,235
GCA_025104005_1.blastn.txt,end,PA3186,81,235,235
GCA_035727575_1.blastn.txt,end,PA3186,1,235,235
GCA_035727575_1.blastn.txt,end,PA3186,81,235,235
GCA_028937265_3.blastn.txt,beg,PA3186,242,81,242
GCA_963437285_1.blastn.txt,beg,PA3186,242,1,242
GCA_028937265_3.blastn.txt,end,PA3186,1,242,242
GCA_963447035_1.blastn.txt,end,PA3186,1,242,242
GCA_031824055_1.blastn.txt,beg,PA3186,243,1,243
GCA_963442935_1.blastn.txt,beg,PA3186,243,1,243
GCA_963447035_1.blastn.txt,beg,PA3186,243,81,243
GCA_963449025_1.blastn.txt,beg,PA3186,243,1,243
GCA_963447035_1.blastn.txt,beg,PA3186,244,493,244
GCA_031824055_1.blastn.txt,end,PA3186,493,244,244
GCA_963437705_1.blastn.txt,beg,PA3186,246,1,246
GCA_004350385_1.blastn.txt,end,PA3186,496,247,247
GCA_902203585_1.blastn.txt,beg,PA3186,256,7,256
GCA_963452735_1.blastn.txt,beg,PA3186,259,508,259
GCA_028937265_3.blastn.txt,end,PA3186,641,268,268
GCA_031210765_1.blastn.txt,end,PA3186,81,272,272
GCA_029397895_1.blastn.txt,beg,PA3186,284,35,284
GCA_963440875_1.blastn.txt,end,PA3186,36,285,285
GCA_001990285_1.blastn.txt,beg,PA3186,286,535,286
GCA_002312095_1.blastn.txt,beg,PA3186,286,535,286
GCA_015736465_1.blastn.txt,beg,PA3186,286,535,286
GCA_028568195_1.blastn.txt,end,PA3186,535,286,286
GCA_028568275_1.blastn.txt,end,PA3186,747,286,286
GCA_900143895_1.blastn.txt,end,PA3186,535,286,286
GCA_963440875_1.blastn.txt,end,PA3186,535,286,286
GCA_963444575_1.blastn.txt,end,PA3186,535,286,286
GCA_963451295_1.blastn.txt,end,PA3186,535,286,286
GCA_004370515_1.blastn.txt,end,PA3186,544,295,295
GCA_028435405_1.blastn.txt,end,PA3186,779,299,299
GCA_029397895_1.blastn.txt,end,PA3186,726,307,307
GCA_016338985_1.blastn.txt,beg,PA3186,312,63,312
GCA_040064175_1.blastn.txt,beg,PA3186,312,63,312
GCA_029605155_1.blastn.txt,end,PA3186,63,312,312
GCA_016338985_1.blastn.txt,beg,PA3186,313,562,313
GCA_025123755_1.blastn.txt,beg,PA3186,313,562,313
GCA_029605155_1.blastn.txt,end,PA3186,562,313,313
GCA_040064175_1.blastn.txt,end,PA3186,562,313,313
GCA_023806295_1.blastn.txt,end,PA3186,563,314,314
GCA_004372205_1.blastn.txt,end,PA3186,573,324,324
GCA_900143895_1.blastn.txt,end,PA3186,86,335,335
GCA_001449725_1.blastn.txt,end,PA3186,595,346,346
GCA_031488955_2.blastn.txt,beg,PA3186,359,110,359
GCA_037001005_1.blastn.txt,end,PA3186,747,364,364
GCA_004372495_1.blastn.txt,beg,PA3186,366,117,366
GCA_031488955_2.blastn.txt,beg,PA3186,372,123,372
GCA_025123755_1.blastn.txt,beg,PA3186,389,140,389
GCA_023806295_1.blastn.txt,end,PA3186,141,390,390
GCA_003974685_1.blastn.txt,end,PA3186,157,406,406
GCA_003974685_1.blastn.txt,end,PA3186,157,406,406
GCA_028568275_1.blastn.txt,beg,PA3186,412,116,412
GCA_028568275_1.blastn.txt,beg,PA3186,412,163,412
GCA_001990285_1.blastn.txt,end,PA3186,163,412,412
GCA_015736465_1.blastn.txt,end,PA3186,163,412,412
GCA_028568195_1.blastn.txt,end,PA3186,163,412,412
GCA_029423715_3.blastn.txt,beg,PA3186,413,164,413
GCA_029423715_3.blastn.txt,end,PA3186,164,413,413
GCA_037001005_1.blastn.txt,beg,PA3186,418,169,418
GCA_028435405_1.blastn.txt,end,PA3186,171,425,425
GCA_028435405_1.blastn.txt,end,PA3186,176,425,425
GCA_034810865_1.blastn.txt,beg,PA3186,449,200,449
GCA_038594085_1.blastn.txt,beg,PA3186,451,747,451
GCA_963437285_1.blastn.txt,end,PA3186,700,451,451
GCA_034810865_1.blastn.txt,end,PA3186,726,472,472
GCA_963449685_1.blastn.txt,beg,PA3186,475,724,475
GCA_036664635_1.blastn.txt,beg,PA3186,512,263,512
GCA_036664635_1.blastn.txt,end,PA3186,263,512,512
GCA_001453615_1.blastn.txt,end,PA3186,281,530,530
GCA_004350385_1.blastn.txt,end,PA3186,282,531,531
GCA_004370515_1.blastn.txt,beg,PA3186,544,771,544
GCA_004350385_1.blastn.txt,beg,PA3186,545,296,545
GCA_031210765_1.blastn.txt,end,PA3186,302,551,551
GCA_004371945_1.blastn.txt,end,PA3186,306,555,555
GCA_963444105_1.blastn.txt,beg,PA3186,559,808,559
GCA_002312095_1.blastn.txt,beg,PA3186,583,334,583
GCA_004370515_1.blastn.txt,beg,PA3186,583,334,583
GCA_002312095_1.blastn.txt,end,PA3186,334,583,583
GCA_001449725_1.blastn.txt,beg,PA3186,584,335,584
GCA_001449725_1.blastn.txt,end,PA3186,335,584,584
GCA_004372205_1.blastn.txt,beg,PA3186,610,362,610
GCA_028568275_1.blastn.txt,beg,PA3186,621,875,621
GCA_028568275_1.blastn.txt,end,PA3186,870,621,621
GCA_028937265_3.blastn.txt,beg,PA3186,641,268,641
GCA_003974905_1.blastn.txt,end,PA3186,395,644,644
GCA_028435405_1.blastn.txt,beg,PA3186,653,902,653
GCA_028435405_1.blastn.txt,end,PA3186,907,653,653
GCA_028937265_3.blastn.txt,end,PA3186,913,664,664
GCA_028568195_1.blastn.txt,end,PA3186,1066,692,692
GCA_029397895_1.blastn.txt,beg,PA3186,726,307,726
GCA_034810865_1.blastn.txt,beg,PA3186,726,472,726
GCA_028568275_1.blastn.txt,beg,PA3186,747,286,747
GCA_037001005_1.blastn.txt,beg,PA3186,747,364,747
GCA_038594085_1.blastn.txt,end,PA3186,451,747,747
GCA_963447035_1.blastn.txt,end,PA3186,498,747,747
GCA_029397895_1.blastn.txt,beg,PA3186,749,998,749
GCA_002312095_1.blastn.txt,end,PA3186,998,749,749
GCA_029397895_1.blastn.txt,end,PA3186,998,749,749
GCA_031488955_2.blastn.txt,end,PA3186,998,749,749
GCA_003974905_1.blastn.txt,beg,PA3186,758,1007,758
GCA_004372495_1.blastn.txt,end,PA3186,1018,769,769
GCA_028435405_1.blastn.txt,beg,PA3186,779,299,779
GCA_004350385_1.blastn.txt,end,PA3186,1065,816,816
GCA_028568195_1.blastn.txt,beg,PA3186,818,569,818
GCA_963444575_1.blastn.txt,beg,PA3186,818,569,818
GCA_029423715_3.blastn.txt,beg,PA3186,820,1067,820
GCA_029423715_3.blastn.txt,end,PA3186,1067,820,820
GCA_031210765_1.blastn.txt,end,PA3186,1090,841,841
GCA_028568275_1.blastn.txt,beg,PA3186,845,1094,845
GCA_001990285_1.blastn.txt,end,PA3186,1094,845,845
GCA_001990285_1.blastn.txt,end,PA3186,1094,845,845
GCA_019781145_1.blastn.txt,end,PA3186,1094,845,845
GCA_034810865_1.blastn.txt,end,PA3186,1100,851,851
GCA_036664635_1.blastn.txt,beg,PA3186,853,1102,853
GCA_001449725_1.blastn.txt,end,PA3186,1102,853,853
GCA_036664635_1.blastn.txt,end,PA3186,1102,853,853
GCA_039570865_1.blastn.txt,beg,PA3186,861,1110,861
GCA_039570865_1.blastn.txt,end,PA3186,1110,861,861
GCA_028568275_1.blastn.txt,end,PA3186,621,875,875
GCA_028435405_1.blastn.txt,beg,PA3186,907,653,907
GCA_021681715_1.blastn.txt,end,PA3186,1181,932,932
GCA_028568195_1.blastn.txt,end,PA3186,1286,940,940
GCA_035727575_1.blastn.txt,beg,PA3186,941,1190,941
GCA_035727575_1.blastn.txt,beg,PA3186,941,1309,941
GCA_038594085_1.blastn.txt,beg,PA3186,951,1200,951
GCA_038594085_1.blastn.txt,end,PA3186,1200,951,951
GCA_039570865_1.blastn.txt,beg,PA3186,971,722,971
GCA_001990285_1.blastn.txt,end,PA3186,722,971,971
GCA_963447035_1.blastn.txt,beg,PA3186,972,1221,972
GCA_963447035_1.blastn.txt,beg,PA3186,973,1221,973
GCA_004370515_1.blastn.txt,beg,PA3186,983,734,983
GCA_028435405_1.blastn.txt,end,PA3186,1269,1015,1015
GCA_001037195_1.blastn.txt,beg,PA3186,1034,1283,1034
GCA_028937265_3.blastn.txt,end,PA3186,1300,1051,1051
GCA_028568195_1.blastn.txt,beg,PA3186,1066,692,1066
GCA_003974685_1.blastn.txt,end,PA3186,1315,1066,1066
GCA_035727575_1.blastn.txt,end,PA3186,818,1067,1067
GCA_963449685_1.blastn.txt,end,PA3186,818,1067,1067
GCA_963454465_1.blastn.txt,end,PA3186,1317,1068,1068
GCA_963454465_1.blastn.txt,beg,PA3186,1069,1317,1069
GCA_963437285_1.blastn.txt,beg,PA3186,1122,873,1122
GCA_001449725_1.blastn.txt,end,PA3186,1363,1123,1123
GCA_001449725_1.blastn.txt,end,PA3186,1365,1125,1125
GCA_902203585_1.blastn.txt,beg,PA3186,1139,1365,1139
GCA_015736465_1.blastn.txt,end,PA3186,1365,1160,1160
GCA_015765385_1.blastn.txt,end,PA3186,1365,1160,1160
GCA_028568195_1.blastn.txt,end,PA3186,1365,1160,1160
GCA_036599025_1.blastn.txt,end,PA3186,1365,1176,1176
GCA_028435405_1.blastn.txt,beg,PA3186,1181,1365,1181
GCA_029605155_1.blastn.txt,beg,PA3186,1181,932,1181
GCA_040064175_1.blastn.txt,beg,PA3186,1181,932,1181
GCA_029605155_1.blastn.txt,beg,PA3186,1183,1365,1183
GCA_040064175_1.blastn.txt,beg,PA3186,1183,1365,1183
GCA_013620125_1.blastn.txt,beg,PA3186,1189,1365,1189
GCA_003935835_1.blastn.txt,beg,PA3186,1210,1365,1210
GCA_023806295_1.blastn.txt,beg,PA3186,1210,1365,1210
GCA_025106445_1.blastn.txt,beg,PA3186,1210,1365,1210
GCA_019166725_1.blastn.txt,end,PA3186,1365,1210,1210
GCA_019167725_1.blastn.txt,end,PA3186,1365,1210,1210
GCA_025123615_1.blastn.txt,end,PA3186,1365,1210,1210
GCA_015737885_1.blastn.txt,beg,PA3186,1237,1365,1237
GCA_025104005_1.blastn.txt,end,PA3186,1365,1237,1237
GCA_002189115_1.blastn.txt,beg,PA3186,1243,1365,1243
GCA_023074245_1.blastn.txt,beg,PA3186,1253,1365,1253
GCA_039568845_1.blastn.txt,end,PA3186,1365,1253,1253
GCA_036315885_1.blastn.txt,beg,PA3186,1267,1018,1267
GCA_963452735_1.blastn.txt,end,PA3186,1018,1267,1267
GCA_028435405_1.blastn.txt,beg,PA3186,1269,1015,1269
GCA_963452735_1.blastn.txt,beg,PA3186,1269,1365,1269
GCA_036315885_1.blastn.txt,end,PA3186,1365,1269,1269
GCA_015765385_1.blastn.txt,beg,PA3186,1286,1037,1286
GCA_019166725_1.blastn.txt,beg,PA3186,1286,1037,1286
GCA_023806295_1.blastn.txt,beg,PA3186,1286,1037,1286
GCA_025123615_1.blastn.txt,beg,PA3186,1286,1037,1286
GCA_028568195_1.blastn.txt,beg,PA3186,1286,940,1286
GCA_036599025_1.blastn.txt,beg,PA3186,1286,1037,1286
GCA_963443145_1.blastn.txt,beg,PA3186,1286,1037,1286
GCA_003935835_1.blastn.txt,end,PA3186,1037,1286,1286
GCA_013620125_1.blastn.txt,end,PA3186,1037,1286,1286
GCA_015736465_1.blastn.txt,end,PA3186,1037,1286,1286
GCA_016337725_1.blastn.txt,end,PA3186,1037,1286,1286
GCA_016338985_1.blastn.txt,end,PA3186,1037,1286,1286
GCA_019167725_1.blastn.txt,end,PA3186,1037,1286,1286
GCA_025106445_1.blastn.txt,end,PA3186,1037,1286,1286
GCA_902203585_1.blastn.txt,end,PA3186,1037,1286,1286
GCA_963454075_1.blastn.txt,end,PA3186,1037,1286,1286
GCA_016337725_1.blastn.txt,beg,PA3186,1287,1365,1287
GCA_025104815_1.blastn.txt,beg,PA3186,1287,1365,1287
GCA_036236935_1.blastn.txt,beg,PA3186,1287,1365,1287
GCA_963438465_1.blastn.txt,beg,PA3186,1287,1365,1287
GCA_963444575_1.blastn.txt,beg,PA3186,1287,1365,1287
GCA_963449685_1.blastn.txt,beg,PA3186,1287,1365,1287
GCA_963454075_1.blastn.txt,beg,PA3186,1287,1365,1287
GCA_016338985_1.blastn.txt,end,PA3186,1365,1287,1287
GCA_025123755_1.blastn.txt,end,PA3186,1365,1287,1287
GCA_025235705_1.blastn.txt,end,PA3186,1365,1287,1287
GCA_031849395_1.blastn.txt,end,PA3186,1365,1287,1287
GCA_963432815_1.blastn.txt,end,PA3186,1365,1287,1287
GCA_963443145_1.blastn.txt,end,PA3186,1365,1287,1287
GCA_963451295_1.blastn.txt,end,PA3186,1365,1287,1287
GCA_023909265_1.blastn.txt,end,PA3186,1365,1293,1293
GCA_023933665_1.blastn.txt,end,PA3186,1365,1309,1309
GCA_035727575_1.blastn.txt,end,PA3186,941,1309,1309
GCA_037001005_1.blastn.txt,end,PA3186,1365,1309,1309
GCA_000950725_1.blastn.txt,beg,PA3186,1312,1063,1312
GCA_031824055_1.blastn.txt,beg,PA3186,1312,1063,1312
GCA_963442935_1.blastn.txt,beg,PA3186,1313,1365,1313
GCA_031824055_1.blastn.txt,end,PA3186,1365,1313,1313
GCA_963449025_1.blastn.txt,end,PA3186,1365,1313,1313
GCA_900143895_1.blastn.txt,beg,PA3186,1314,1365,1314
GCA_001449725_1.blastn.txt,beg,PA3186,1361,1112,1361
GCA_001449725_1.blastn.txt,beg,PA3186,1361,1112,1361
GCA_001449725_1.blastn.txt,beg,PA3186,1363,1123,1363
GCA_002189115_1.blastn.txt,beg,PA3186,1363,1114,1363
GCA_015737885_1.blastn.txt,beg,PA3186,1363,1114,1363
GCA_025235705_1.blastn.txt,beg,PA3186,1363,1114,1363
GCA_900143895_1.blastn.txt,beg,PA3186,1363,1114,1363
GCA_963440875_1.blastn.txt,beg,PA3186,1363,1114,1363
GCA_023074245_1.blastn.txt,end,PA3186,1114,1363,1363
GCA_023909265_1.blastn.txt,end,PA3186,1114,1363,1363
GCA_023933665_1.blastn.txt,end,PA3186,1114,1363,1363
GCA_025104005_1.blastn.txt,end,PA3186,1114,1363,1363
GCA_025104815_1.blastn.txt,end,PA3186,1114,1363,1363
GCA_025123755_1.blastn.txt,end,PA3186,1114,1363,1363
GCA_031824655_1.blastn.txt,end,PA3186,1114,1363,1363
GCA_031849395_1.blastn.txt,end,PA3186,1114,1363,1363
GCA_036236935_1.blastn.txt,end,PA3186,1114,1363,1363
GCA_036664635_1.blastn.txt,end,PA3186,1114,1363,1363
GCA_039568845_1.blastn.txt,end,PA3186,1114,1363,1363
GCA_036315885_1.blastn.txt,end,PA4689,147,1,1
GCA_037001005_1.blastn.txt,beg,PA4689,26,355,26
GCA_023933665_1.blastn.txt,end,PA4689,355,28,28
GCA_023909265_1.blastn.txt,beg,PA4689,301,550,301
GCA_023933665_1.blastn.txt,beg,PA4689,301,550,301
GCA_025106445_1.blastn.txt,beg,PA4689,301,550,301
GCA_025104815_1.blastn.txt,beg,PA4689,304,553,304
GCA_037001005_1.blastn.txt,beg,PA4689,311,513,311
GCA_025123755_1.blastn.txt,beg,PA4689,328,577,328
GCA_019166725_1.blastn.txt,beg,PA4689,340,589,340
GCA_019167725_1.blastn.txt,beg,PA4689,340,589,340
GCA_023933665_1.blastn.txt,beg,PA4689,355,28,355
GCA_023933665_1.blastn.txt,beg,PA4689,355,106,355
GCA_037001005_1.blastn.txt,end,PA4689,26,355,355
GCA_963452735_1.blastn.txt,beg,PA4689,367,616,367
GCA_023909265_1.blastn.txt,end,PA4689,122,371,371
GCA_023909265_1.blastn.txt,end,PA4689,130,371,371
GCA_025106445_1.blastn.txt,end,PA4689,128,377,377
GCA_025106445_1.blastn.txt,end,PA4689,130,377,377
GCA_025104815_1.blastn.txt,beg,PA4689,380,131,380
GCA_020406475_1.blastn.txt,end,PA4689,131,380,380
GCA_025104815_1.blastn.txt,end,PA4689,131,380,380
GCA_013620125_1.blastn.txt,beg,PA4689,401,152,401
GCA_013620125_1.blastn.txt,beg,PA4689,401,152,401
GCA_023806295_1.blastn.txt,beg,PA4689,404,155,404
GCA_025123755_1.blastn.txt,beg,PA4689,404,155,404
GCA_025123755_1.blastn.txt,beg,PA4689,404,157,404
GCA_019166725_1.blastn.txt,beg,PA4689,416,167,416
GCA_019166725_1.blastn.txt,beg,PA4689,416,169,416
GCA_019167725_1.blastn.txt,beg,PA4689,416,167,416
GCA_019167725_1.blastn.txt,end,PA4689,169,416,416
GCA_030540985_1.blastn.txt,end,PA4689,194,443,443
GCA_029397895_1.blastn.txt,beg,PA4689,457,220,457
GCA_040064175_1.blastn.txt,beg,PA4689,457,220,457
GCA_963443145_1.blastn.txt,beg,PA4689,457,220,457
GCA_029605155_1.blastn.txt,end,PA4689,220,457,457
GCA_963451295_1.blastn.txt,end,PA4689,220,457,457
GCA_040064175_1.blastn.txt,beg,PA4689,458,209,458
GCA_963443145_1.blastn.txt,beg,PA4689,458,209,458
GCA_963451295_1.blastn.txt,beg,PA4689,458,209,458
GCA_029605155_1.blastn.txt,end,PA4689,209,458,458
GCA_040064175_1.blastn.txt,beg,PA4689,459,708,459
GCA_029605155_1.blastn.txt,end,PA4689,703,459,459
GCA_013620125_1.blastn.txt,end,PA4689,971,472,472
GCA_013620125_1.blastn.txt,end,PA4689,971,472,472
GCA_036236935_1.blastn.txt,beg,PA4689,491,844,491
GCA_037001005_1.blastn.txt,end,PA4689,311,513,513
GCA_003935835_1.blastn.txt,beg,PA4689,535,286,535
GCA_003935835_1.blastn.txt,end,PA4689,286,535,535
GCA_036236935_1.blastn.txt,end,PA4689,286,535,535
GCA_963437285_1.blastn.txt,beg,PA4689,567,319,567
GCA_963444105_1.blastn.txt,beg,PA4689,567,319,567
GCA_963433735_1.blastn.txt,end,PA4689,319,567,567
GCA_963454075_1.blastn.txt,end,PA4689,319,567,567
GCA_963444105_1.blastn.txt,beg,PA4689,568,319,568
GCA_963454075_1.blastn.txt,beg,PA4689,568,319,568
GCA_016009715_1.blastn.txt,end,PA4689,319,568,568
GCA_963433735_1.blastn.txt,end,PA4689,319,568,568
GCA_963437285_1.blastn.txt,end,PA4689,319,568,568
GCA_963429955_1.blastn.txt,end,PA4689,321,569,569
GCA_963429955_1.blastn.txt,end,PA4689,321,570,570
GCA_001990285_1.blastn.txt,beg,PA4689,571,820,571
GCA_015765385_1.blastn.txt,beg,PA4689,571,820,571
GCA_029397895_1.blastn.txt,end,PA4689,991,571,571
GCA_030540985_1.blastn.txt,end,PA4689,820,571,571
GCA_036599025_1.blastn.txt,end,PA4689,820,571,571
GCA_039570865_1.blastn.txt,beg,PA4689,593,1055,593
GCA_020406475_1.blastn.txt,end,PA4689,962,627,627
GCA_030540985_1.blastn.txt,beg,PA4689,647,398,647
GCA_037001005_1.blastn.txt,beg,PA4689,649,859,649
GCA_036599025_1.blastn.txt,beg,PA4689,681,432,681
GCA_039570865_1.blastn.txt,beg,PA4689,681,432,681
GCA_036599025_1.blastn.txt,end,PA4689,432,681,681
GCA_001990285_1.blastn.txt,beg,PA4689,697,448,697
GCA_015765385_1.blastn.txt,beg,PA4689,697,448,697
GCA_001990285_1.blastn.txt,end,PA4689,448,697,697
GCA_015765385_1.blastn.txt,end,PA4689,448,697,697
GCA_003974685_1.blastn.txt,end,PA4689,506,747,747
GCA_036236935_1.blastn.txt,end,PA4689,1017,768,768
GCA_036664635_1.blastn.txt,end,PA4689,1017,768,768
GCA_025123755_1.blastn.txt,beg,PA4689,805,1175,805
GCA_025123755_1.blastn.txt,beg,PA4689,805,1175,805
GCA_900143895_1.blastn.txt,end,PA4689,1054,805,805
GCA_036236935_1.blastn.txt,beg,PA4689,844,595,844
GCA_036236935_1.blastn.txt,end,PA4689,491,844,844
GCA_900143895_1.blastn.txt,beg,PA4689,854,605,854
GCA_900143895_1.blastn.txt,beg,PA4689,854,605,854
GCA_037001005_1.blastn.txt,end,PA4689,649,859,859
GCA_025123755_1.blastn.txt,end,PA4689,632,881,881
GCA_963432815_1.blastn.txt,end,PA4689,636,884,884
GCA_963432815_1.blastn.txt,beg,PA4689,885,636,885
GCA_036664635_1.blastn.txt,end,PA4689,637,886,886
GCA_036664635_1.blastn.txt,end,PA4689,637,886,886
GCA_015737885_1.blastn.txt,beg,PA4689,889,1138,889
GCA_025104005_1.blastn.txt,beg,PA4689,889,1138,889
GCA_902203585_1.blastn.txt,end,PA4689,1141,892,892
GCA_039570865_1.blastn.txt,end,PA4689,1194,945,945
GCA_020406475_1.blastn.txt,beg,PA4689,962,627,962
GCA_013620125_1.blastn.txt,beg,PA4689,971,472,971
GCA_013620125_1.blastn.txt,beg,PA4689,971,472,971
GCA_029397895_1.blastn.txt,beg,PA4689,991,571,991
GCA_029397895_1.blastn.txt,end,PA4689,742,991,991
GCA_015737885_1.blastn.txt,beg,PA4689,1015,766,1015
GCA_015737885_1.blastn.txt,beg,PA4689,1015,768,1015
GCA_025104005_1.blastn.txt,beg,PA4689,1015,766,1015
GCA_025104005_1.blastn.txt,beg,PA4689,1015,768,1015
GCA_030540985_1.blastn.txt,end,PA4689,1270,1021,1021
GCA_002312095_1.blastn.txt,end,PA4689,789,1038,1038
GCA_902203585_1.blastn.txt,beg,PA4689,1039,790,1039
GCA_902203585_1.blastn.txt,end,PA4689,790,1039,1039
GCA_039570865_1.blastn.txt,beg,PA4689,1055,806,1055
GCA_039570865_1.blastn.txt,end,PA4689,593,1055,1055
GCA_004370515_1.blastn.txt,beg,PA4689,1065,1309,1065
GCA_015736465_1.blastn.txt,beg,PA4689,1071,822,1071
GCA_015736465_1.blastn.txt,beg,PA4689,1071,822,1071
GCA_021680435_1.blastn.txt,end,PA4689,824,1073,1073
GCA_023806295_1.blastn.txt,end,PA4689,1324,1075,1075
GCA_031824055_1.blastn.txt,end,PA4689,843,1091,1091
GCA_031824055_1.blastn.txt,end,PA4689,843,1092,1092
GCA_001037195_1.blastn.txt,beg,PA4689,1093,1342,1093
GCA_031824055_1.blastn.txt,end,PA4689,1342,1093,1093
GCA_021681715_1.blastn.txt,beg,PA4689,1097,848,1097
GCA_030540985_1.blastn.txt,beg,PA4689,1097,848,1097
GCA_021681715_1.blastn.txt,end,PA4689,848,1097,1097
GCA_963433075_1.blastn.txt,end,PA4689,849,1097,1097
GCA_963433075_1.blastn.txt,end,PA4689,849,1098,1098
GCA_003935835_1.blastn.txt,end,PA4689,1348,1099,1099
GCA_025123755_1.blastn.txt,end,PA4689,1348,1099,1099
GCA_025235705_1.blastn.txt,end,PA4689,1348,1099,1099
GCA_001037195_1.blastn.txt,beg,PA4689,1112,863,1112
GCA_001037195_1.blastn.txt,beg,PA4689,1112,863,1112
GCA_023806295_1.blastn.txt,beg,PA4689,1151,902,1151
GCA_963452735_1.blastn.txt,end,PA4689,921,1170,1170
GCA_025235705_1.blastn.txt,beg,PA4689,1175,926,1175
GCA_025123755_1.blastn.txt,end,PA4689,805,1175,1175
GCA_025123755_1.blastn.txt,end,PA4689,805,1175,1175
GCA_025235705_1.blastn.txt,end,PA4689,926,1175,1175
GCA_004350385_1.blastn.txt,end,PA4689,996,1245,1245
GCA_001449725_1.blastn.txt,end,PA4689,1009,1258,1258
GCA_001453615_1.blastn.txt,end,PA4689,1021,1268,1268
GCA_004372495_1.blastn.txt,beg,PA4689,1280,1031,1280
GCA_037001005_1.blastn.txt,end,PA4689,1718,1285,1285
GCA_001990285_1.blastn.txt,beg,PA4689,1304,1553,1304
GCA_001990285_1.blastn.txt,end,PA4689,1553,1304,1304
GCA_015736465_1.blastn.txt,end,PA4689,1553,1304,1304
GCA_016009715_1.blastn.txt,end,PA4689,1553,1304,1304
GCA_036236935_1.blastn.txt,beg,PA4689,1310,1664,1310
GCA_030540985_1.blastn.txt,end,PA4689,1580,1310,1310
GCA_036236935_1.blastn.txt,end,PA4689,1664,1310,1310
GCA_037001005_1.blastn.txt,beg,PA4689,1339,1090,1339
GCA_003974905_1.blastn.txt,end,PA4689,1118,1367,1367
GCA_036236935_1.blastn.txt,beg,PA4689,1386,1137,1386
GCA_900143895_1.blastn.txt,beg,PA4689,1405,1654,1405
GCA_900143895_1.blastn.txt,end,PA4689,1654,1405,1405
GCA_034810865_1.blastn.txt,beg,PA4689,1430,1181,1430
GCA_001990285_1.blastn.txt,end,PA4689,1181,1430,1430
GCA_034810865_1.blastn.txt,end,PA4689,1181,1430,1430
GCA_020406475_1.blastn.txt,beg,PA4689,1432,1865,1432
GCA_963437285_1.blastn.txt,beg,PA4689,1432,1681,1432
GCA_003974685_1.blastn.txt,beg,PA4689,1445,1694,1445
GCA_034810865_1.blastn.txt,beg,PA4689,1453,1778,1453
GCA_021680435_1.blastn.txt,beg,PA4689,1454,1205,1454
GCA_900143895_1.blastn.txt,beg,PA4689,1454,1205,1454
GCA_021680435_1.blastn.txt,beg,PA4689,1477,1844,1477
GCA_020406475_1.blastn.txt,end,PA4689,1259,1508,1508
GCA_002312095_1.blastn.txt,end,PA4689,1758,1509,1509
GCA_029397895_1.blastn.txt,beg,PA4689,1510,1758,1510
GCA_030540985_1.blastn.txt,beg,PA4689,1510,1737,1510
GCA_004370515_1.blastn.txt,end,PA4689,1275,1524,1524
GCA_030540985_1.blastn.txt,beg,PA4689,1580,1310,1580
GCA_002189115_1.blastn.txt,beg,PA4689,1588,1837,1588
GCA_036236935_1.blastn.txt,beg,PA4689,1588,1837,1588
GCA_021681715_1.blastn.txt,beg,PA4689,1610,1859,1610
GCA_036236935_1.blastn.txt,beg,PA4689,1664,1310,1664
GCA_037001005_1.blastn.txt,beg,PA4689,1664,1913,1664
GCA_036236935_1.blastn.txt,end,PA4689,1310,1664,1664
GCA_001449725_1.blastn.txt,beg,PA4689,1684,1933,1684
GCA_002189115_1.blastn.txt,beg,PA4689,1708,1459,1708
GCA_002189115_1.blastn.txt,end,PA4689,1459,1708,1708
GCA_037001005_1.blastn.txt,beg,PA4689,1718,1285,1718
GCA_016009715_1.blastn.txt,beg,PA4689,1720,1969,1720
GCA_030540985_1.blastn.txt,end,PA4689,1510,1737,1737
GCA_015737885_1.blastn.txt,end,PA4689,2003,1754,1754
GCA_015737885_1.blastn.txt,end,PA4689,2003,1754,1754
GCA_001453615_1.blastn.txt,beg,PA4689,1759,2008,1759
GCA_001453615_1.blastn.txt,end,PA4689,2008,1759,1759
GCA_034810865_1.blastn.txt,end,PA4689,1453,1778,1778
GCA_020406475_1.blastn.txt,end,PA4689,2038,1789,1789
GCA_034810865_1.blastn.txt,beg,PA4689,1801,2050,1801
GCA_034810865_1.blastn.txt,end,PA4689,2050,1801,1801
GCA_004350385_1.blastn.txt,beg,PA4689,1819,2068,1819
GCA_004350385_1.blastn.txt,beg,PA4689,1819,2068,1819
GCA_021680435_1.blastn.txt,end,PA4689,1477,1844,1844
GCA_016009715_1.blastn.txt,beg,PA4689,1846,1597,1846
GCA_016009715_1.blastn.txt,end,PA4689,1597,1846,1846
GCA_020406475_1.blastn.txt,end,PA4689,1432,1865,1865
GCA_021680435_1.blastn.txt,beg,PA4689,1867,2116,1867
GCA_021680435_1.blastn.txt,end,PA4689,2116,1867,1867
GCA_015737885_1.blastn.txt,end,PA4689,1631,1880,1880
GCA_025104005_1.blastn.txt,beg,PA4689,1896,2145,1896
GCA_025104005_1.blastn.txt,end,PA4689,2145,1896,1896
GCA_039570865_1.blastn.txt,beg,PA4689,1917,2166,1917
GCA_039570865_1.blastn.txt,end,PA4689,2166,1917,1917
GCA_003974905_1.blastn.txt,beg,PA4689,1962,2211,1962
GCA_037001005_1.blastn.txt,beg,PA4689,1968,2230,1968
GCA_902203585_1.blastn.txt,beg,PA4689,1973,2222,1973
GCA_902203585_1.blastn.txt,end,PA4689,2222,1973,1973
GCA_001453615_1.blastn.txt,end,PA4689,1750,1997,1997
GCA_036664635_1.blastn.txt,end,PA4689,2251,2002,2002
GCA_036664635_1.blastn.txt,end,PA4689,2251,2002,2002
GCA_001037195_1.blastn.txt,beg,PA4689,2003,2252,2003
GCA_001037195_1.blastn.txt,end,PA4689,2252,2003,2003
GCA_001037195_1.blastn.txt,end,PA4689,1773,2022,2022
GCA_025104005_1.blastn.txt,end,PA4689,1773,2022,2022
GCA_029397895_1.blastn.txt,end,PA4689,2273,2024,2024
GCA_039570865_1.blastn.txt,beg,PA4689,2027,1778,2027
GCA_004372495_1.blastn.txt,beg,PA4689,2043,2273,2043
GCA_004350385_1.blastn.txt,beg,PA4689,2117,1872,2117
GCA_963444105_1.blastn.txt,end,PA4689,2307,2118,2118
GCA_963444105_1.blastn.txt,beg,PA4689,2119,2273,2119
GCA_902203585_1.blastn.txt,beg,PA4689,2120,1871,2120
GCA_963437285_1.blastn.txt,end,PA4689,1871,2120,2120
GCA_015736465_1.blastn.txt,beg,PA4689,2133,2273,2133
GCA_016009715_1.blastn.txt,beg,PA4689,2133,2273,2133
GCA_015765385_1.blastn.txt,end,PA4689,2273,2133,2133
GCA_015765385_1.blastn.txt,end,PA4689,2307,2133,2133
GCA_016009715_1.blastn.txt,end,PA4689,2307,2133,2133
GCA_002189115_1.blastn.txt,end,PA4689,2273,2139,2139
GCA_002189115_1.blastn.txt,end,PA4689,2307,2139,2139
GCA_036599025_1.blastn.txt,beg,PA4689,2149,2273,2149
GCA_036599025_1.blastn.txt,end,PA4689,2307,2149,2149
GCA_013620125_1.blastn.txt,end,PA4689,2273,2162,2162
GCA_013620125_1.blastn.txt,end,PA4689,2307,2162,2162
GCA_900455535_1.blastn.txt,end,PA4689,1925,2174,2174
GCA_900455535_1.blastn.txt,beg,PA4689,2175,2273,2175
GCA_023806295_1.blastn.txt,beg,PA4689,2183,2273,2183
GCA_025106445_1.blastn.txt,beg,PA4689,2183,2273,2183
GCA_036236935_1.blastn.txt,beg,PA4689,2183,2273,2183
GCA_003935835_1.blastn.txt,end,PA4689,2273,2183,2183
GCA_019166725_1.blastn.txt,end,PA4689,2273,2183,2183
GCA_019167725_1.blastn.txt,end,PA4689,2273,2183,2183
GCA_025104815_1.blastn.txt,end,PA4689,2273,2183,2183
GCA_025123755_1.blastn.txt,end,PA4689,2273,2183,2183
GCA_025235705_1.blastn.txt,end,PA4689,2273,2183,2183
GCA_023909265_1.blastn.txt,beg,PA4689,2189,2273,2189
GCA_023933665_1.blastn.txt,end,PA4689,2273,2205,2205
GCA_037001005_1.blastn.txt,end,PA4689,1968,2230,2230
GCA_021681715_1.blastn.txt,end,PA4689,1989,2238,2238
GCA_003935835_1.blastn.txt,beg,PA4689,2259,2010,2259
GCA_023806295_1.blastn.txt,beg,PA4689,2259,2010,2259
GCA_025123755_1.blastn.txt,beg,PA4689,2259,2010,2259
GCA_025235705_1.blastn.txt,beg,PA4689,2259,2010,2259
GCA_029605155_1.blastn.txt,beg,PA4689,2259,2010,2259
GCA_031824055_1.blastn.txt,beg,PA4689,2259,2010,2259
GCA_036315885_1.blastn.txt,beg,PA4689,2259,2010,2259
GCA_036599025_1.blastn.txt,beg,PA4689,2259,2010,2259
GCA_036664635_1.blastn.txt,beg,PA4689,2259,2010,2259
GCA_002189115_1.blastn.txt,end,PA4689,2010,2259,2259
GCA_015765385_1.blastn.txt,end,PA4689,2010,2259,2259
GCA_016009715_1.blastn.txt,end,PA4689,2010,2259,2259
GCA_019166725_1.blastn.txt,end,PA4689,2010,2259,2259
GCA_019167725_1.blastn.txt,end,PA4689,2010,2259,2259
GCA_023909265_1.blastn.txt,end,PA4689,2010,2259,2259
GCA_023933665_1.blastn.txt,end,PA4689,2010,2259,2259
GCA_025104815_1.blastn.txt,end,PA4689,2010,2259,2259
GCA_025106445_1.blastn.txt,end,PA4689,2010,2259,2259
GCA_036236935_1.blastn.txt,end,PA4689,2010,2259,2259
GCA_040064175_1.blastn.txt,end,PA4689,2010,2259,2259
